Word,Count
tencent,4427
saya,1
bukan,17
main,2
profesional,168
tapi,8361
kami,5
langsung,1
komplain,96
karena,8
pada,13
update,9901
saat,5
ini,2
masih,5171
banyak,2
bug,11447
yang,19220
jadi,3
dan,19747
paling,1
umum,1
adalah,1397
frame,1204
di,12878
awal,3
tiap,43
kali,4
parasut,116
buka,3
turun,2
akan,1
mati,1
sering,10
gitu,49
tolong,1
baik,2
gan,491
squad,296
bisa,2
garagara,27
kd,62
seperti,210
kalau,5890
mau,3
cepat,3
naik,3
telah,20
dari,1
pesawat,142
tidak,6
dapat,2
karakter,6
gantung,6
tiba,67
ketuk,3
keluar,1
mobil,48
freezedelay,2
dulu,1809
sangat,6
ganggu,1
dorong,3
musuh,3
rumah,9
rasa,9
solo,3
teman,6
lihat,3
map,1
lewat,5
jendela,1
pagar,4
masuk,3
pintu,90
harus,21
relog,330
ambil,6
warna,3
hitam,28
tantang,6
pochinki,25
runtuh,1
ping,951
ijo,14
alam,2
enam,2
atas,7
perangkat,1
cara,5
seluruh,2
gamenya,3865
bagus,3
apalagi,938
grafik,1
makin,1895
namun,2074
ada,3
sedikit,2
kecewa,3
yaitu,406
lengkap,3
senjata,1
hilang,6
buang,2
isi,3
tas,1
walaupun,543
sudah,13
mohon,3
lagi,6898
sukses,4
selalu,2577
ya,1831
pubg,7600
sekali,37
masalah,9
ketika,5
dalam,1
player,482
suka,1
kembali,37
ke,4081
tempat,2
padahal,5928
jalan,3
temu,3
dengan,4
itu,50
sedang,160
tarung,1
jarak,1
dekat,3
aku,2
malah,3
saja,4852
keluh,6
agar,2348
hal,7
sama,11
terima,3
kasih,3
perlu,5
utama,26
mode,65
tdm,263
tinggal,15
arena,216
sparring,1
jebak,1
gedung,6
kenapa,3607
baru,9
high,83
black,70
lama,8
normal,3
sistem,97
buat,2
game,12499
cinta,4
bantu,1
mobile,1561
karakin,44
darat,4
bugnya,2152
oh,150
penasaran,12
apakah,524
selesai,6
air,2
memang,1
benar,3
penuh,2
nyaman,3
jika,3274
kurang,10
contoh,23
intip,3
hold,11
asli,3
tibatiba,1796
tap,2
ubah,4
terkadang,799
tombol,69
express,1
love,14
guna,3
sinyal,7
jujutsu,10
kaisen,8
direcall,9
oleh,4
lompat,14
posisi,3
tahu,3
segera,63
tanpa,607
sebab,14
lapor,1
beberapa,1102
tetapi,898
nyata,2
respon,374
tonton,1
periksa,3
sebut,2
berkalikali,244
tarik,1
gerak,2
lancar,3
grafis,3
smartphone,99
pun,639
hdr,49
akhirakhir,142
jatuh,3
pas,3
ammo,10
maju,7
mundur,40
sendiri,13
lag,3785
banget,2930
tambah,9
zombie,343
survival,38
lain,57
manja,3
para,1409
gamers,73
jangan,1
sampai,6
kapasitas,110
gbnya,54
sayang,10
juga,3452
bahkan,1322
kadang,1441
kita,3
duluan,44
anda,1751
berat,3
hati,7
ram,3
prosesor,11
olah,1
besar,5
kentang,2
bakal,23
processornya,13
tinggi,2
force,210
close,310
kartu,4
penting,3
untuk,3
rate,141
bagai,1
tiga,2
cerdas,8
belum,1142
bagi,3
bilang,6
mudah,2
maaf,3
error,877
aplikasi,3
luar,5
wajib,6
mereka,1
beri,1
yuk,50
hashtag,1
uninstall,501
parah,3
serampang,1
hitung,2
matang,2
aspek,10
serius,4
dimanamana,112
jaring,1
stabil,3
lebih,9
buruk,1
notifikasi,16
server,1625
dar,151
pindah,2
file,311
gajah,1
henti,3
suara,1
mic,411
bae,1
arenaarcade,1
gak,3699
hapus,2
aja,346
survey,5
nilai,3
tekan,6
alias,45
manfaat,5
saran,23
fokus,6
gameplay,437
kesel,5
soal,105
udah,599
kena,11
rusak,6
diupdate,1029
habis,1
simpan,3
berapa,15
puas,3
tencen,230
rendering,143
orang,23
balik,1
bukit,3
ketat,1
aman,1
pindai,1
cheat,303
turut,1
keras,6
begitu,1
oke,38
baca,3
min,1
ngomongngomong,28
tanding,3
rank,471
bawah,1
terus,12
champion,2
betah,67
lamalama,70
laku,3
langkah,2
mini,34
atau,19
curang,2
bingung,3
apa,2
atur,37
tulis,3
layar,72
sekarang,2836
hanya,46
repot,21
dahulu,1
semua,470
nikmat,3
adil,8
halo,332
depelover,13
bintang,3
staf,1
kerja,3
optimal,1
ratus,3
sulit,3
leluasa,17
bangun,2
tembak,3
maka,510
kaku,53
developer,244
salah,3
selidik,4
nih,42
biar,8
nggak,51
heran,3
kini,2
servernya,334
dev,112
drop,52
milik,3
rendah,6
ponsel,1066
ponselnya,93
dukung,9
fps,990
barbar,2
battle,348
harap,9
perhati,29
mulai,101
hp,3695
hingga,15
tab,4
gb,1987
sakit,3
stuck,678
fpsnya,235
freeze,377
event,1221
transparan,39
alami,42
panjang,5
masa,88
peta,4
mirip,50
dunia,3
arti,4
misal,6
satu,12
wilayah,3
mana,3
sehingga,932
suatu,75
satusatunya,82
lemah,1
offline,39
kembang,3
alangkah,50
latih,15
minim,49
sumpah,1
sentuh,3
hentihentinya,2
sekitar,4
area,84
pasti,7
bingkai,1
kelas,1
dewa,27
saudara,9
hpnya,212
cm,17
versi,53
nougat,8
waktu,2
ane,278
seru,10
loading,447
makan,3
menit,9
sebal,3
permisi,6
start,2
match,307
dasar,2
sambil,3
tunggu,2
lobi,2
jelas,2
akun,4
login,1781
ulang,3
verifikasi,7
gagal,1
tepat,3
puzzle,33
gambar,1
bukti,3
rekam,3
serta,2
sini,5
pernah,758
respawn,53
ayo,50
pubgm,396
looting,104
item,11
lempar,3
kill,81
sungguh,5
ms,341
sepi,1
berantak,68
msnya,15
aneh,4
terlalu,10
eventnya,168
kalian,767
biasa,2
ingin,3
reload,126
backpack,10
susah,4
worth,18
it,20
cocok,3
cuma,681
keluarkeluar,1
skin,1110
fix,222
kalah,3
tangguh,11
terusterusan,27
masak,2
prioritas,3
top,215
up,209
mempedulikannya,3
bertahuntahun,81
bugbugnya,55
tanah,18
pohon,9
kotak,6
container,11
apaapa,367
hidup,3
dc,67
suruh,4
updatenya,850
maksimal,6
spek,461
abai,3
kesan,3
hampir,394
konteks,1
rupa,2
perang,3
lanjut,5
begini,1
tahan,1
evaluasi,5
tak,176
cukup,3
tema,1
sesi,5
akhir,5
miris,1
bahwa,179
gameplaynya,336
level,1
batas,4
merespon,173
tempur,1
spesifikasi,4
ketemu,548
segi,302
punya,316
tetap,3
hahaha,82
emosi,1
pribadi,1
signifikan,21
banding,2
nuansa,4
ukur,1
internal,49
tingkat,2
tim,1
setting,307
buram,119
ratenya,37
pingnya,341
selamat,1
malam,6
pak,135
tanya,2
kok,1
micnya,33
tetep,76
bunyi,5
dengar,4
enak,5
trial,14
skinnya,211
permanen,73
bundle,8
shop,12
bayang,3
gelap,3
cahaya,4
terang,20
fitur,554
pencet,6
single,28
ganti,5
erangel,157
pc,338
butuh,12
acara,64
alhasil,56
senyap,19
ikan,3
filter,1
bahasa,1
kasar,15
negatif,9
crash,513
lalu,1
muncul,7
paket,3
paspasan,17
moga,871
depan,3
time,133
android,474
ios,31
beda,7
detik,196
cc,4
potret,3
dua,4
pikir,3
tenang,1
iklan,8
sesal,1
ladang,1
reklame,2
nonton,126
tiktok,14
gilir,6
bosan,1
berlamalama,10
realistis,3
nonevent,1
isengiseng,6
kontrol,3
wow,17
taman,9
sorak,3
istimewa,2
jongkok,1
pron,2
diri,1
goucts,1
coba,4
cina,18
kala,6
microphone,35
layak,2
kepada,2
senang,15
pertama,1
mumpuni,112
cari,2
informasi,3
internet,329
bekuk,1
makanya,118
sensasi,1
siklus,8
musim,6
prediksi,2
eventevent,37
minat,29
adaptasi,9
fluktuatif,2
wifi,1275
mbps,62
ngelag,279
krafton,174
pusing,4
tampil,4
home,13
screen,71
klik,3
paham,1
belanja,2
padam,5
listrik,3
entah,52
noda,3
bintik,1
sejak,444
istirahat,3
tahun,2
silah,666
copy,7
control,29
paste,3
tata,19
letak,3
tempel,7
manual,1
sila,296
sejuk,1
sadis,4
tiada,4
alot,2
lawan,6
halhal,80
mampu,3
konsol,2
efisien,16
jangkau,9
jari,5
situasi,13
antara,8
jauh,1
kecil,2
jenis,3
tegang,3
dung,1
bikin,1
baper,2
mending,122
download,1536
ff,183
veteran,14
berani,1
urung,1
niat,7
mendownload,288
merosot,1
karyawannya,1
berbedabeda,23
inventarisasi,1
damage,112
optimasi,42
genre,7
sumber,1
daya,4
dear,286
kerjasamanya,41
berchipset,8
end,56
snapdragon,256
mediatek,27
g,274
sana,2
konfigurasi,3
active,1
save,7
edge,8
larang,3
mengupdate,145
chipset,118
oky,1
panas,3
sementara,80
mengupgradenya,5
mengupdatenya,30
data,1
kamaren,1
jelek,3
era,76
pegang,1
kuat,3
bersenangsenang,45
gemar,1
sepeda,19
zona,20
kendara,2
guling,6
serah,3
email,1
tentang,188
x,244
slide,3
bahan,2
bakar,3
jumlah,1
auto,177
aim,87
tembok,130
pecah,6
panjat,14
glich,1
angin,21
belakang,2
shotgun,29
analog,59
lepas,1
keren,3
memori,74
kamu,798
paksa,12
dm,3
fc,24
koneksi,3
hasil,1
karir,1
cetak,3
skor,13
rangking,1
uang,3
elite,21
stabilitas,1
mungkin,3
call,41
of,47
duty,41
nol,21
seluler,8
ngerasa,10
sebentar,106
ayam,65
merah,8
mengapa,305
hd,302
sobat,181
saing,2
imbang,2
tengah,2
bijak,1
sisi,2
jago,1
menang,3
jarang,251
seruseru,4
kuota,14
orangorang,70
agak,1
khawatir,2
unduh,7
password,14
sesuai,73
jam,3
loginnya,65
ribet,67
akal,2
rindu,3
inget,5
season,1111
sibuk,1
kayak,174
reel,5
bukankah,60
tiru,10
belah,3
berkah,1
wah,225
boro,1
mental,7
exit,6
gimana,199
hio,46
pengaruh,2
konsisten,41
kompatibel,17
kirakira,8
signal,14
online,61
upgrade,408
kata,3
ikut,3
mainin,13
lagnya,329
render,52
tembus,8
ground,33
nya,429
labil,17
iya,439
super,81
halus,2
respons,2
datang,2
pergi,68
tensent,35
siang,3
kualitas,112
bar,7
hijau,4
jauhjauh,2
titik,3
ooiii,1
bro,1
hari,1
timeout,27
wifinya,62
itua,1
fiturnya,33
maksud,3
rekan,252
asalasalan,21
yakin,93
pensi,3
pudetan,1
nyangkut,11
kesal,2
mainmain,68
sindir,1
si,11
omong,8
kosong,6
amin,5
captchanya,3
pasang,6
kalaupun,71
susun,3
rapi,1
captcha,18
hai,158
diinstal,15
playstore,101
menginstal,37
website,5
demikian,3
apk,225
install,287
low,83
boleh,4
framing,123
pesan,10
takut,8
alih,2
kiri,1
kanan,182
miring,3
pulai,5
lot,3
resolusi,3
mandiri,2
mid,28
erti,3
nama,13
pin,3
rugi,1
material,1
set,1
java,2
jajalin,1
indonesia,153
layan,2
obb,46
wajar,78
rompi,24
helm,9
sempat,3
v,68
kemarin,315
taruh,3
sita,3
ringan,3
free,101
fire,123
sob,48
mabar,19
kabul,2
khusus,48
gems,21
tutup,3
konyol,83
bicara,3
tipe,3
harga,3
jutawan,1
patut,4
syukur,2
daripada,150
hina,1
apresiasi,4
usaha,7
jaya,3
betul,1
party,14
whwall,1
hack,19
resah,3
jujur,35
sponsor,4
media,32
sosial,29
wahai,4
ipad,108
tarok,1
ace,133
patah,1
semangat,6
campur,2
jaga,1
suasana,1
rage,9
quit,1
cod,25
meta,2
kompetitif,1
codm,30
semrawut,21
peri,2
payer,1
tiernya,55
platinum,1
pisah,8
matematika,3
tara,2
sultan,1
pari,10
kulit,3
samar,1
layang,66
terbang,1
meski,75
pilih,1
restart,235
deh,28
gila,1
lima,5
pihak,1
support,212
meminimalisir,6
settingnya,31
baikbaik,259
settingan,72
range,14
ekstrim,92
hebat,3
deteksi,4
ditindaklanjuti,83
canggih,2
demi,215
m,149
adakan,6
cuaca,3
hujan,3
nomor,1
lambat,3
asal,1
komentar,4
script,9
peduli,6
mumi,4
convert,1
lite,75
giga,26
kaya,4
pandai,5
ungkap,1
raya,2
panggil,4
nyawa,1
andal,10
gmail,11
google,54
play,133
games,432
kasus,1
blokir,13
full,120
replay,33
momen,22
lucu,54
bunuh,1
bot,51
playernya,41
replaynya,4
reverse,3
gyro,72
aktif,3
akibat,11
kondisi,14
gbgb,22
rit,20
celaka,2
bom,5
knock,101
maupun,55
klasik,1
ai,17
pengen,64
ar,26
mythic,2
forge,1
tukar,4
dong,57
gatcha,10
work,55
ultra,4
navigasi,3
nonaktif,3
ok,89
opsi,43
sedia,2
proses,6
hadap,2
robot,15
pelit,127
uc,267
beli,2
tergilagila,4
deplover,4
wwcd,19
framenya,357
sengaja,1
kacau,2
im,2
tsel,4
xl,17
wiffi,2
tetangga,3
janda,1
pirang,1
widowanbohay,1
down,222
mbak,69
kebal,9
peluru,3
lolos,7
fiturfitur,58
lainlain,206
strategi,1
zanmang,1
loopy,1
anakanak,25
anjing,1
zaman,6
kreatif,5
bayi,1
lho,182
one,18
hit,13
trisula,1
nyari,48
jodoh,1
cheater,868
reflek,14
pakai,3
tadi,95
trus,100
cek,106
kendali,6
tanggap,7
pensiun,2
nanti,2
training,16
kalo,80
ngomong,35
b,22
sih,113
ingat,3
langgar,1
originalnya,2
viralkan,1
tangan,15
rumit,1
mengotakatik,1
sanksi,4
luculucuan,3
tier,313
minta,2
rto,28
out,145
avatar,8
koreksi,3
alas,1
kait,72
sekian,4
edit,2
review,84
rating,185
budiman,5
gletser,10
kadal,1
thefool,1
rework,1
message,1
supaya,88
diupgrade,130
selain,188
hias,1
aju,2
samsung,144
a,191
exynos,8
max,50
capek,1
terusmenerus,40
beritahu,8
cacat,3
batu,50
nunggu,68
kode,5
dok,12
nihil,11
gfx,93
tool,34
ratarata,104
toh,6
invinite,5
tau,5
band,15
ban,1
kil,5
kontak,4
ramai,2
legends,101
goblooooookkkk,1
logout,96
minimal,1
emotenya,7
emote,12
mahkota,4
master,1
bagaimana,2
otomatis,4
nah,233
semenjak,232
scope,278
putus,3
geser,6
sensitivitas,51
bugbug,241
putar,3
p,57
buff,6
hbd,13
nerf,10
kunjung,3
skillnya,23
infinix,21
minggu,9
performa,1
eh,59
bebek,1
tua,23
non,13
loncat,2
mpsnya,1
arah,3
samping,3
miui,12
percuma,221
haha,1
plis,2
tindak,6
sandi,1
livik,221
asia,162
latency,4
framerate,17
smooth,111
kecuali,3
solusi,86
berjamjam,38
angkat,2
solid,6
kendala,3
team,62
acak,71
person,2
sedih,3
misi,32
samasama,10
sempurna,3
gemsnya,7
maklum,3
poco,53
rajin,1
tabung,6
hormat,1
copot,3
ribu,6
bolakbalik,27
warning,6
ocean,8
odyssey,6
progres,10
rp,68
quest,1
upaya,1
benarbenar,136
pan,9
plugin,4
live,40
streaming,30
kritik,3
setia,1
nasihat,1
pandu,1
tuju,3
sadap,12
framingnya,47
asyik,3
tentu,18
bos,3
reng,6
platina,1
berlian,1
as,26
congueror,1
store,59
risih,118
selang,6
otak,2
mata,5
sabar,9
poin,1
ayun,1
romantis,3
bay,3
cave,2
toko,24
furnitur,2
koin,4
gua,4
teluk,1
lampir,1
foto,8
tangkap,1
lega,6
kritis,9
peking,1
angka,6
kompensasi,13
downloadnya,127
metro,3
royale,254
chapter,5
berontak,1
tipu,6
hak,3
ranjau,2
ranknya,87
plat,2
jarah,2
kedip,8
loncatloncat,23
aipet,1
q,32
damagenya,43
room,56
saling,41
adu,4
darah,1
chiter,42
resmi,21
mecha,55
total,6
kuasa,3
bulan,11
hpku,24
matmakingnya,1
lumayan,1
tambang,3
matchmakingnya,35
sampe,74
kabut,8
mg,1
gun,3
reloadnya,1
vektor,1
detikdetik,7
lelah,20
rawat,6
retas,6
capai,6
ko,11
laut,4
chiken,22
tears,1
ngantuk,8
tunda,2
beban,1
lezat,1
dinosaurus,7
kraftoon,12
animasi,24
kesini,101
siap,2
kompeten,1
mac,2
head,17
to,51
hdnya,1
emosional,32
babi,2
emulator,5
recoilnya,26
gamemu,4
jijik,4
framedropnya,3
mengupgrade,40
alhamdulillah,10
timpa,15
gyroscope,45
fungsi,19
ehh,23
admin,197
lah,30
gold,56
global,54
puting,2
gacha,47
usah,84
fixnya,10
asus,25
rog,16
rilis,30
menginstalnya,38
segala,17
tbtbnya,1
beneran,21
pandang,3
stand,2
uninstal,184
jamjam,1
cermin,6
langit,12
seringkali,88
kapal,25
sederhana,4
latar,3
background,35
efek,31
mula,3
uji,4
devices,3
setup,2
fov,1
icon,7
pukul,3
luncur,2
injak,5
beacon,2
aapppaaaaa,1
miramar,107
recall,116
ampassss,1
medan,52
timpang,3
anggota,10
extreme,92
tuntas,1
china,22
besan,1
peringkat,1
duo,41
hiatus,4
maching,1
aftermatchunrank,1
slowmotion,4
biru,1
lari,17
baju,22
renderingnya,89
pokok,148
midhigh,3
midhighmidlow,1
sekadar,41
aladin,8
bekal,4
modal,20
medium,4
timbul,3
patahpatah,212
kaget,2
tanda,3
konek,103
log,6
in,28
ngeselin,54
push,103
diinstall,36
cache,42
bersih,3
random,52
dia,161
hubung,6
badan,3
hibur,1
makasih,18
ckckckck,1
warnya,5
breakout,4
tenaga,7
dulunya,95
ruang,11
lingkup,3
beku,2
elemen,1
battleground,28
vs,82
finish,2
puzzlenya,6
audio,11
umur,3
leg,18
landing,4
ngesadap,10
proxima,28
timbang,2
krypton,1
iring,1
sangkut,2
gjls,1
headset,41
peka,1
goyang,2
tan,24
fans,37
haz,1
kemi,1
stapnya,1
nangisssssssssssssssssssssssssssssssssssssssssssssssssssssssssssssssssssssssssssssssssssssssssssssssss,1
klaim,9
skip,10
temanteman,216
partisipasi,2
hadiah,3
f,71
infinite,32
kira,3
maintenance,32
kawan,48
pazzel,8
mahal,3
kurakura,1
ngelag kenapa,1
tementemen,24
onmic,2
kak,174
noob,13
halang,1
bidik,7
bohong,3
pubgnya,69
visual,4
effect,2
matchmaking,52
menu,10
watefak,1
goblok,10
bayar,4
metode,8
indosatgoggle,1
saldo,3
goggle,1
indosat,13
t,13
double,3
pulsa,4
kredit,8
ganda,3
ipadpad,3
sudut,1
luas,7
tidur,15
nyala,3
pagi,4
kunci,4
coc,20
balut,1
loot,20
enggan,1
seram,5
rekomendasi,11
pake,217
telpon,3
taut,4
mumpung,16
konfirmasi,3
telepon,29
anehaneh,54
wajah,3
gerigi,1
blur,16
profil,3
speknya,58
mewah,3
bodoh,6
marah,36
tidaaaak,1
martabat,1
luculucu,6
janggal,1
teleport,33
dutchman,1
berisik,23
wibawa,1
gen,5
unlock,29
fpsextreme,2
mentok,37
smoothextreme,8
kapan,8
logo,3
ngebut,6
barang,41
normalisasi,1
loadnya,56
fast,13
males,229
revive,6
terjun,3
lindung,1
malas,6
dll,153
antar,3
kostum,10
on,34
dibiarin,1
chiternya,3
kraftonnya,2
iphone,109
macet,1
ia,31
hemat,3
facebook,180
tekatekinya,2
anggap,5
operasi,3
sampah,4
kejadiankejadian,8
desain,6
frekuensi,22
mulus,4
renk,2
heal,10
singkir,4
boros,49
belas,6
reset,67
eliminasi,8
jengkel,26
gmnya,1
sopgan,1
gm,16
hancur,3
tampung,1
resource,210
terap,4
gerakangerakan,1
ingame,89
sekarat,7
healing,8
transaksi,2
api,1
capcha,3
bawa,3
chrome,10
didownload,81
instal,79
untung,3
ponselku,25
ipadview,1
pfs,1
zoomnya,4
lebar,3
op,1
recoil,46
lokasi,15
hacker,21
forceclose,1
lonjak,7
kutip,1
magazine,8
kumpul,1
msa,1
undang,1
tampak,6
duli,2
asik,19
booting,51
kooooonnntooolll,1
rangkum,1
outfit,12
terdownload,41
mendownloadnya,157
akurasi,3
gudang,3
youtube,163
buffering,11
komputer,22
mendung,4
badai,3
petir,4
regrafik,1
macammacamnya,1
kemudian,133
lulus,2
skill,100
dominator,21
deg,2
macam,36
promosi,1
kasihan,3
aldiawan,1
bolos,1
bambu,1
asah,9
ngerti,30
matchnya,30
gapapa,24
selfreviving,1
kenal,3
loh,1
sanggup,13
siput,3
sadar,12
nemu,4
diciken,1
net,2
blok,17
komando,1
militer,1
kesana,22
kemari,17
gelembung,1
inggris,8
infenite,1
nostalgia,3
kolaborasi,3
resident,10
evil,10
godzilla,18
tawa,2
karpet,9
worknya,1
ribut,2
berteletele,5
halah,1
jalin,2
seringseringlah,3
deathmatch,13
buggy,174
run,42
sebenernya,36
gede,120
lek,3
arcade,139
jaman,65
norak,19
color,2
ciriciri,7
zonazona,1
desak,1
sesuatu,55
peristiwa,1
hy,11
hukum,1
afk,60
fakta,23
ajar,3
masingmasing,55
mantap,1
puluh,14
huhhhhhhhhh,1
ratingnya,33
serangga,1
kit,5
spawn,47
island,36
kejar,2
sembarang,1
recolnya,1
syuting,4
anggur,5
ambruk,2
responsif,23
ip,14
gelincir,5
serang,3
spectator,36
classic,256
aimnya,12
diam,5
kaki,3
new,39
state,35
hang,47
buah,1
investasi,3
tpp,19
hacking,1
hero,7
cerita,6
kuning,2
cal,1
jawab,9
chimeraland,2
kangen,32
pula,110
sempit,6
gampang,24
lvnya,1
tank,9
lv,24
abis,72
fpp,101
conqueror,17
toprank,1
siasia,62
standar,7
hz,17
kotor,13
space,50
buangbuang,52
drastis,128
laporin,1
obbnya,9
speakernya,12
entertainer,1
sejati,8
jual,27
inventaris,1
pantul,1
speedtest,1
dioptimasi,69
wkwk,17
sunyi,8
nomer,12
rumput,2
cheatnya,35
keliar,48
xray,5
anti,19
diamond,59
aladdin,3
musnah,2
bobol,3
cit,7
png,1
nohhh,1
bahagia,3
pass,148
series,2
senggang,7
jamin,12
snap,27
dibanned,68
toksik,2
mute,9
editing,2
banned,72
chinese,1
tenten,16
gem,23
limit,5
telinga,3
giroskop,12
kamera,14
ledak,6
default,23
mesin,8
sendat,8
ibarat,26
atlas,1
didik,3
anak,18
usia,4
asu,24
doa,3
yaman,4
mogok,28
kebut,1
samak,5
aiponnya,1
malu,1
luting,2
sgen,1
relevan,8
inti,65
loadingnya,101
msfps,1
headshot,23
salam,130
pubgisme,1
devnya,4
responsive,9
sial,12
motor,85
rambut,1
bp,24
teamnya,15
dark,8
system,9
dapet,11
ifennya,1
sams,1
frifaer,1
ifen,8
sulap,1
hewan,6
palace,1
window,4
cepet,12
lucky,4
spin,18
honor,3
hikmah,1
musik,19
dipublish,1
staking,1
frem,22
hendak,2
tolongee,1
muak,15
balas,2
lock,16
livikk,1
seasonnya,61
solosquad,1
i,13
kraftontencentlevel,1
device,18
clutch,1
bangga,3
gaya,45
bronze,10
silver,27
rajalela,3
lambang,3
sleep,1
baterai,7
kuras,28
duit,1
peti,8
direport,1
lenceng,9
katakata,32
singgung,4
pecahpecah,17
redmiplus,1
redmi,190
note,195
alat,7
gpu,20
jprime,1
oppo,72
mafff,1
assalamualaikum,38
aduh,46
dragon,17
ball,14
soccer,1
sm,5
guweeejhh,1
konten,4
newbie,3
browsing,4
gamegame,9
suai,4
zoom,17
pantesan,1
ipeds,1
otoritas,4
batal,3
perintah,3
tunjuk,3
mb,1
cs,9
guess,1
puss,1
congcu,1
ahhh,7
libur,1
reward,12
dekorasi,1
ultraextreme,1
customer,13
center,15
pugb,17
god,4
bye,10
malammalamku,1
not,82
responding,77
reviewnya,11
sensitif,13
join,1
ampas,21
freefayer,1
ml,57
uras,34
rata,1
unrank,2
refresh,9
editor,9
sekop,3
skuad,19
sampaisampai,36
jenak,5
vpn,31
jamming,7
ponselmulah,1
ular,7
tangga,14
royal,2
ta,1
minus,52
cikhen,1
dinner,31
reproduksi,12
kemanamana,33
populer,5
responnya,37
hard,3
gratis,9
perlahan,13
program,3
ilegal,21
klien,8
alasannickxxxzuzuranborut,1
premium,6
kupon,10
aksesoris,8
lancarlancar,38
devlopers,4
selam,1
aliasing,3
telkomsel,40
tolak,2
lagging,40
tekstur,29
cheaternya,65
ramadhannya,1
outfif,1
nambah,101
gin,6
senjang,4
gembira,3
besok,23
request,78
raih,1
awas,4
cheet,1
boss,15
kota,3
kutik,12
presentasi,1
battlegroundnya,4
xsuit,4
sepenuh,13
tayang,10
war,220
stef,2
malang,55
biasabiasa,3
internetnya,29
vivo,72
ve,1
akses,2
putih,1
gaj,1
struktur,2
you,12
poolllll,1
ajang,6
popularitas,4
unranked,7
ciprat,1
db,1
tabrak,2
bentur,28
infinity,10
patch,70
monitor,1
php,3
size,71
komentarkomentar,1
asw,12
spot,2
kelelawar,1
daftar,82
luang,4
ucap,3
ranting,2
dolar,3
ucnya,24
topi,2
sahabat,1
rame,3
cron,5
crowsair,1
masyarakat,19
gitugitu,10
hplu,2
nigames,1
ngalamin,3
ag,4
coin,28
blood,4
strike,2
muat,3
sisir,1
culun,1
boot,20
judul,1
serasa,35
takluk,16
hatihati,13
fair,31
chest,30
keping,1
murah,6
statistik,2
probabilitas,1
lotere,3
sisen,23
pubgkrafton,1
epik,2
durasi,6
singkat,3
cenderung,33
conquer,1
sanhok,124
patok,1
sisa,3
segitu,8
latensi,5
temantemanku,6
ambatron,3
kecilkecilan,5
pertamatama,37
negara,3
service,13
regional,1
region,10
familiar,10
tanggal,11
rekanrekan,2
halaman,3
seolaholah,25
asap,2
roh,1
pazle,1
tebak,2
errornya,42
lowend,15
realme,49
professional,92
token,3
bentuk,6
mechanya,3
gachanya,10
bangkrut,18
ajak,10
terkagumkagum,2
ketik,9
ayah,6
wassalamualaikum,1
warahmatullahi,1
wa,2
barokatuhhh,1
power,18
ranger,4
s,116
yangy,1
landmark,2
abang,41
indikasi,1
senter,1
neng,1
santai,4
benci,1
overpower,2
ah,30
shadow,6
naruto,1
rasengan,1
sasuke,1
chidori,1
piece,1
boxer,1
celana,2
koral,2
besi,2
beton,1
genshin,7
impact,4
midnya,2
megazen,1
early,2
tubuh,10
vector,4
rangka,4
aduk,2
video,3
jetpack,10
jalur,1
paruh,7
bodi,6
injeksi,2
utuh,8
gaca,11
diskon,3
bonus,3
pulau,3
mekkahnya,1
mod,14
redzone,7
stres,13
artic,2
vikendi,109
salju,2
sebar,1
publik,8
juta,5
pubgmkh,1
berharihari,13
promax,2
jim,1
tancent,173
autentikasi,2
pusat,5
ump,12
dmrnya,1
sniper,32
kepala,4
path,1
hadir,5
gengsi,3
brand,4
budak,1
gabung,3
pung,2
ji,1
negeri,11
massal,7
dingin,1
kabar,4
ketok,38
sangatsangat,72
divence,1
dive,4
stage,1
uzi,3
chicken,33
win,7
ranking,22
minimum,13
per,37
teamup,1
bareng,6
partner,2
milih,1
tamat,32
apknya,57
asam,5
batelground,1
tambahin,7
chipsetnya,16
datawifi,1
kabupaten,1
bandung,1
plus,12
langgan,3
frustrasi,1
lupa,3
otp,4
capekcapek,25
sensinya,7
waswas,8
keliling,1
kontras,2
akurat,3
obrol,1
brutal,10
selisih,1
ampek,1
esports,1
pantas,15
haram,17
processor,38
sewa,1
house,13
halloween,14
lumpuh,1
ramadhan,6
steel,1
ark,1
framedrop,27
konsumen,37
kocak,1
bip,4
kekekeke,1
kelola,3
rampas,6
pocinki,2
garasi,8
canda,24
manajemen,7
divisi,1
kan,106
materi,1
youtuber,9
generasi,1
pmsl,2
miskin,28
persen,5
miliar,1
catat,25
passwordnya,2
pulih,7
target,1
daerah,43
pantau,2
sultandi,1
puruk,5
sekalipun,8
prioritasin,1
concu,4
minn,8
kumpulin,3
unlimited,34
dermawan,1
warga,5
desa,15
tancap,4
ps,16
sono,3
delete,2
komen,17
axis,4
aksi,3
pepeq,1
gandrung,4
eventeventnya,9
nylip,1
tebing,2
sportif,8
matimatian,10
taaaaaaaaaiiiiiiikkkkkkkk,1
rankku,10
bronves,1
co,1
jumpa,22
sigap,1
sikap,5
jadwal,1
jangka,28
gemnya,18
cap,1
banting,3
cheer,11
park,18
blackpink,7
meja,2
datar,4
flare,12
kraton,16
zone,43
gamepad,20
tekken,1
mempublikasikan,2
lamar,1
selenggara,3
ikon,2
udara,1
ha,13
stela,1
jnck,1
character,5
old,1
century,1
true,1
nakal,15
ngetik,1
pamer,12
manteeep,1
kelahi,7
ilmu,1
box,41
voucher,5
recomended,24
slosh,1
streamer,10
hantu,1
mood,36
persentase,4
crates,1
frustasi,14
chip,1
sd,46
favorit,9
ngecek,4
transfer,5
instagram,5
unistal,2
tiongkok,2
kewalahan,11
ketawa,25
mami,1
antusias,4
ehhh,13
mitiknya,1
pase,1
ampass,2
berkat,3
opsional,1
lelucon,4
natural,9
tb,9
refund,1
musikmusik,1
lawas,3
my,33
way,5
alan,23
walker,22
ga,46
obat,5
iseng,11
momenmomen,10
highlight,6
dapetin,1
pengennya,1
original,62
,2
unik,1
iklaniklan,2
gemas,2
iiiiiioooo,1
lirik,1
gk,7
pbug,13
sen,4
eeq,1
bgts,1
bila,31
skinskin,9
giur,1
seksi,1
tobrut,1
cipta,6
lagu,8
sleeping,1
ll,1
autentik,1
rooftop,2
evoground,6
kroco,2
ngendok,8
anjirrr,1
bugil,5
tetes,1
manamana,4
rebut,5
pleyer,1
derita,12
sarok,1
stiker,5
jelasjelas,5
kuda,1
nil,1
legendaris,2
telat,60
skinskinnya,1
prett,1
ransel,1
baharu,3
lipat,9
bootloop,1
indah,1
tahuntahun,1
urus,6
hambat,3
juli,4
pagipagi,1
kencang,9
view,3
ui,15
filenya,65
pazel,2
bossq,10
qonqu,1
detail,3
tenchent,7
metcing,1
acidnya,1
open,26
nqh,1
fubg,1
bermainmain,4
whale,4
ngasih,13
juara,4
point,8
jeda,9
membuangbuang,39
reply,13
abadi,1
dimensi,1
brengsek,10
jejak,19
headsetnya,5
kalang,3
duh,1
individu,4
mari,15
kisar,4
riwayat,1
pangkat,3
settingannya,9
lainlainnya,1
reno,10
handphone,3
fusion,10
tumpul,1
crown,55
sebanyakbanyaknya,13
like,22
amerika,22
tertawa,3
lampu,18
glacier,11
bertanyatanya,7
molotov,9
build,11
ngeblink,7
nasa,2
busa,1
link,15
tt,4
stun,1
respawnnya,4
skyhigh,1
mampir,3
ampun,24
qonqueror,7
stress,25
devopler,1
kirim,3
vibrasi,1
tawar,6
intens,2
agam,2
vip,15
framengefreezz,1
amunisi,2
bangke,1
ide,3
kantong,2
tugas,10
clean,4
next,13
comeback,12
tiket,7
komunitas,9
seruseruan,3
bubg,2
merestart,11
pabrik,5
c,11
kejut,3
tunggang,2
rusa,1
firaun,3
cmn,8
berhatihati,10
monoton,3
overhehe,1
overhate,1
magnetic,2
sore,1
sky,7
spectacle,1
potong,4
cmnnya,1
hadehhhhh,1
pelihara,6
cuman,8
kustomisasinya,1
dedgame,1
pb,1
nub,4
charger,2
kipas,1
mmm,5
smot,4
postingan,6
chipnya,2
biaya,6
hadehhh,4
sesat,7
korea,14
tensens,1
karafton,1
narik,1
mss,1
friendly,14
beranda,12
browser,14
infinitekrafton,1
tanggung,3
pubgmobile,15
gigih,1
bermingguminggu,1
berbulanbulan,20
mengutakatik,5
kaset,4
dana,1
chat,61
slow,10
ngobrol,43
raja,2
peluang,6
barin,1
magnet,5
kenang,19
waker,1
mikir,25
mikirin,9
genggam,1
timika,1
papua,2
sanjata,1
fragment,11
epic,19
imajinasi,1
direset,31
maaakaaasiihhh,1
konsep,10
karfaton,1
ipen,7
nongkrong,25
stars,4
gyronya,13
dewasa,2
steamdet,1
picu,3
anying,8
healingnya,1
pop,4
mpanu,1
korban,3
xsuits,2
mglacier,1
mummy,4
damba,1
gugup,1
laris,1
manis,3
positif,8
freebie,1
fp,5
glitch,83
ngebug,17
feed,2
ngakak,2
suntik,5
roket,1
kabur,47
diamdiam,1
qta,4
bahaya,8
berita,14
otorisasi,2
sasar,3
empuk,4
dilakuin,5
perunggu,2
ponselmu,25
waspada,1
tuntut,6
kbps,5
hardware,8
viuw,2
savana,1
scam,2
gelar,2
damai,4
syarat,8
echo,1
plisss,2
smoth,5
longgar,3
teken,1
memeq,1
operator,2
direspon,101
kerjasama,10
internasional,8
realistik,3
oli,1
jerawat,12
sus,2
sembunyi,3
qoncueror,4
gabungin,1
gaming,54
teliti,7
gayroacope,1
sinkron,9
garena,12
upload,16
barangbarang,11
furniture,4
eee,4
langkahlangkah,6
ngaku,6
jomblo,1
percaya,4
tekad,2
pulang,12
sekolah,21
diubahubah,2
moba,30
legend,14
tegas,3
hpraam,2
bugging,33
wr,4
wb,4
wakil,24
se,2
jawa,7
barat,1
crack,2
robotrobot,2
mekanisme,6
optimalisasi,21
amat,8
komunikasi,2
star,20
semut,2
dmg,1
pick,19
weapon,11
reales,1
delay,36
gs,2
dino,9
redaksi,1
fuson,1
lahh,3
armornya,5
cobra,1
lohh,1
bjirr,1
bossnya,1
armor,23
botbot,2
geletak,1
teras,2
disconnectforce,1
ghost,14
touch,16
portal,1
peak,7
freez,1
tega,1
bergantiganti,1
ste,1
ma,5
padan,5
senior,2
ketidakadilan,1
tomboltombol,14
network,15
car,3
collab,12
semprot,1
embelembel,7
outfitnya,3
dipisahpisah,1
custom,42
spai,1
fairnya,1
ples,1
mti,7
timi,20
studiotencent,1
kesah,3
ekstra,1
intensitas,1
maksimum,1
perak,4
twitter,13
dinding,22
indihome,27
clear,2
saking,12
floating,3
sedot,3
taikkkk,1
paraaaahhh,1
wooii,1
setan,7
bladee,1
penalti,5
lvl,28
eror,4
bolak,8
bujuk,1
banyakbanyak,14
sejarah,6
terampil,1
rem,3
sr,2
berubahubah,26
riset,1
rumahrumah,1
baku,10
trik,13
intimidasi,1
diva,7
viewnya,1
bosen,8
pantat,1
granat,4
share,25
goblough,1
eksternal,16
kuliah,4
usa,1
berangkat,14
rubah,7
asiaindonesia,1
kontoooo,1
dritd,1
ttbb,1
pit,1
ipednya,1
crafton,13
identifikasi,1
hud,10
hadeh,7
hudnya,2
benah,3
otakatik,1
awan,11
jvke,2
banhet,1
lagulagu,1
cringe,1
india,7
waguu,1
framefpsnya,1
fram,1
mimin,9
citer,24
feeder,2
ibu,3
jakarta,1
telekomunikasi,4
saddd,1
screenshotnya,1
siapa,16
theme,2
song,1
povnya,1
pov,1
yt,13
asumsi,1
groundnya,2
powernya,2
kerafton,2
pasar,4
ngeloot,35
upgradenya,18
tera,8
baaaaangkeeee,1
slurringnya,1
paku,1
menghentak,1
aktivitas,5
clam,1
puqimq,1
mengoptimasi,2
tur,2
permata,17
an,14
putusputus,80
jetpacknya,1
pelanpelan,7
speed,21
bensin,3
justru,46
indikator,22
standart,1
pay,5
enggak,4
playzone,30
liat,3
timur,5
vertikal,2
horizontal,1
bobot,29
airdrop,8
good,3
job,5
ap,4
besarbesaran,65
polling,4
nyetir,20
ac,1
model,3
jump,19
animenya,1
rpg,25
persis,11
gilagilaan,48
dampak,27
tencet,11
spec,1
rasio,9
kikir,1
gps,1
cuax,1
galaxy,37
bazaar,1
crosshair,2
crosshairnya,7
perban,1
pk,1
minum,4
energi,3
bandt,1
mi,39
tualang,5
cantum,3
padu,10
bintangbintang,5
glitching,1
abdetatn,1
abdetan,2
pink,23
lusin,3
cukur,2
humanis,2
lanskap,1
bolt,1
actionnya,1
flaregun,1
entry,14
skillku,3
anniversary,16
ultimate,5
versus,4
hr,2
palsu,7
mms,1
kampung,6
databasenya,1
ptk,3
flaggship,1
simpul,9
kapitalis,4
mereset,4
turn,10
macammacam,14
gg,19
duduk,3
tumpas,2
tol,1
lobby,13
fiber,1
simerah,1
dns,1
modem,4
merek,3
qc,1
vendor,2
through,1
ceroboh,1
rekrutmen,2
midrange,6
teleskop,5
meter,3
palang,1
jalanjalan,17
keluarin,4
ice,5
tpviewnya,1
dalih,1
akselerator,1
murni,20
sihir,1
track,5
apaapanya,6
by,6
dengerin,4
customized,1
health,1
dikustomisasi,6
optimasinya,6
hirau,3
mikirmikir,1
tindas,1
sambung,11
faktor,3
diberitahu,5
newstate,3
cincin,1
rela,1
partisan,1
slot,5
diminimize,1
playerunknowns,1
battlegrounds,5
variasi,3
adrenalin,8
fluktuasi,4
timtim,3
ngomongnya,7
toxic,2
evo,21
maret,7
regu,4
menguninstall,27
muka,3
kenock,1
assist,23
lengket,3
layout,19
sblmnya,1
empat,3
dprxpdi,1
mikrofon,7
izin,4
lada,1
rewel,5
gwifi,1
barongsai,4
tyrex,1
tuhan,17
kontribusi,2
kampanye,1
itel,1
pubji,1
juang,1
pabji,14
burn,4
buggg,1
phone,2
status,1
prime,15
tagih,11
aceh,1
cewek,2
j,27
kriteria,6
anu,3
nonipad,1
rabu,1
curi,3
mengatasnamakan,1
nosar,1
gayo,1
hight,1
fremnya,4
randomnya,2
tekateki,2
uptad,1
qonqeroro,1
landa,1
urut,1
simak,11
help,7
nyampe,3
kerangka,3
ngengat,1
turin,1
ngeprank,1
bedak,6
rencana,3
meca,1
maen,5
lou,1
rifano,1
ottay,1
stringnya,1
kompres,15
balap,9
rumahrumahnya,4
kursor,17
turnamen,35
reguler,7
spam,10
pinggir,6
pantai,7
aces,4
mitis,9
pojok,6
seed,1
hiyu,1
rollbacknya,1
cabut,7
web,2
dosadosa,1
protes,5
uinya,3
xixixix,1
stock,1
disalahgunakan,1
aliasingnya,1
fourclose,1
matching,9
janji,3
klan,1
mact,5
komandan,1
linknya,1
bludak,1
abdedt,1
analoc,1
pubgg,1
supportnya,2
risiko,2
ramah,1
carry,1
aosp,1
rom,84
evolutin,1
tik,4
modern,3
peleset,1
dimensity,8
maphnya,1
cerdik,2
helmet,1
fest,1
knockdown,1
kncok,1
jantung,1
berturutturut,24
hajar,5
ijin,7
oi,2
irengel,1
reting,1
jet,7
pack,30
atlantis,1
tablet,18
foreclosed,1
kbd,1
framnya,1
controllernya,7
bts,1
bit,6
ekspektasi,13
lurus,26
carafton,1
nambahin,6
album,1
buffnya,1
jera,4
shot,15
sensor,1
bebas,1
pihakpihak,10
depolover,1
counter,3
crossbow,2
bomb,4
misil,4
stick,1
benda,17
trex,7
injection,2
atap,30
overtoxic,1
recal,10
teriak,3
mayat,3
bengkalai,7
fasilitas,2
earphone,17
eam,1
sehat,9
silent,7
overall,19
tosoon,2
lekat,3
asusnya,1
tingkah,5
tumpuk,4
september,1
berbintikbintik,2
rabun,1
krafto,1
muuuaachh,1
no,34
joke,1
test,16
katak,3
es,7
bola,5
shanhok,4
tembaktembakan,11
diupload,1
smoot,3
mobilie,1
beta,80
stik,4
xbox,1
touchscreen,9
touchscreennya,1
tps,1
cadel,1
cerca,1
false,1
seringsering,43
aftermath,2
tandatanda,20
bintan,1
maff,4
suhu,1
sonovka,1
shelter,3
stalber,1
sanasini,4
peek,4
ngotot,2
nasib,3
vakum,1
arcadenya,4
dp,5
bundel,3
rpnya,2
panik,7
kera,1
chester,8
reloq,1
gigs,5
gunung,1
tong,1
lantai,13
buggynya,5
busuk,15
medkit,8
tatap,8
lawanlawannya,1
xiaomi,161
fresh,4
quick,19
switch,12
fpptpp,2
milimeter,1
redam,2
gerakgerik,1
gagap,2
dada,5
perosot,1
pet,1
bolabola,1
battlefield,1
kontenkonten,1
berkacakaca,1
lingkung,12
drob,4
speaker,37
payung,52
akting,8
terinstal,1
whatsapp,8
smp,4
gillie,1
suit,5
phpin,1
kemudi,3
teropong,8
scopenya,35
dihack,10
zonkk,4
geme,19
netguard,1
booster,7
alur,5
terputusputus,24
jiplak,4
pubj,2
raiting,1
nunggunya,25
nungguin,1
kartun,14
biadab,7
taem,1
bu,5
ab,1
bintangx,1
hutan,5
perilaku,3
balistik,1
takjub,1
weyyy,1
terimakasih,1
teknis,9
bites,1
dataobb,1
programmer,1
pintar,3
apaapaan,7
racun,1
voice,55
dance,1
emo,1
helikopter,6
strategis,2
ryzen,1
blokkkkk,1
unfollow,8
step,4
door,9
rollback,8
dadak,2
machting,1
gera,4
gelombang,3
getar,4
dipikirpikir,31
punia,1
nia,3
potatoq,1
memory,30
yah,4
vocher,1
graziernya,1
kadaluarsa,5
epep,10
gamis,1
fantasi,8
sound,29
soundnya,1
nos,2
kaca,6
jok,1
dodge,1
dash,2
late,14
petak,1
umpet,1
manuver,1
duel,16
berperforma,1
memberitahumu,1
venezia,1
direfresh,1
varian,3
behhh,1
tumbang,3
bener,9
noneventnya,1
buf,1
hellio,1
klasifikasi,1
layoutnya,3
hapal,3
bingbang,1
rakyat,4
ramdon,1
efen,4
keraftonnya,1
diuninstall,14
rip,12
aimer,1
komedi,4
cucu,1
betapa,1
gap,1
katana,5
collabnya,2
balance,8
nefr,1
dbs,7
iq,1
downgrade,18
type,1
syirik,1
barubaru,25
l,6
buruburu,9
analogi,3
garang,1
ketidaksopanannya,1
pelosok,7
larilari,1
bugfreeze,1
unggul,3
pingms,4
setir,1
glider,2
akselerasi,5
muda,6
prestasi,8
creative,1
beatle,1
awm,13
pelan,10
volume,1
thompson,1
mech,1
clash,1
direview,6
genap,6
dihadang,1
abad,1
antutu,4
rb,4
gamee,1
hah,3
anjirrrrrrrrrrrrrrrrrrrrrrrrrrrrrrrrrrrrrrrrrrrrrrrrrrrrrrrrrrrrrrrrrrrrrrrrrrrrrrrrrrrrrrrrrrrrrrrrrrrrrrrrrrrrrrrrrrrrrrrrrrrrrrrrrrrrrrrrrrrrrrrrrrrrrrrrrrrrrrrrrrrrrrrrrrrrrrrrrrrrrrrrrrrrrrrrrrrrrrrrrrrrrrrrrrrr,1
tenggelam,33
title,10
crouch,2
tebal,3
tepi,14
kayu,3
stomp,1
antri,3
estreme,1
hifft,1
achh,1
taiiii,5
emolator,1
periode,3
inovasi,9
sorot,1
unggah,1
freefire,10
sedikitsedikit,2
print,1
daun,1
pdhll,1
brozen,1
qaunkuror,1
gas,1
tumbuh,1
deskripsi,1
pacar,8
virtual,1
penetrasi,2
gameranked,1
emas,3
invinity,1
mudahmudahan,13
toyota,1
honda,1
nissan,1
nyali,2
kepung,9
western,1
mitro,2
cash,10
nurani,1
grgr,1
libat,1
diinjakinjak,1
cntrl,2
bjir,1
kasi,3
begadang,10
inisiatif,1
bandnya,5
tamu,1
seri,12
z,17
fold,1
ragu,4
pers,1
ranggel,1
bigung,1
investigasi,2
sidik,1
situs,1
take,4
mereview,2
huawei,4
freeza,1
tencens,4
off,20
planet,1
longor,1
huhuhu,1
spacenya,9
begoo,1
pro,4
terbit,3
heandsot,2
chit,1
chiters,2
wipe,10
ngecheat,4
tes,20
gugat,1
usil,1
refrem,1
surat,1
bootingnya,4
agresif,10
bootnya,1
mobilmobil,1
pingsan,1
pahala,1
fe,1
langkahlangkahnya,14
toleransi,4
piano,1
macha,1
movemannya,1
acau,1
egois,4
maki,2
hindar,1
manusia,35
msak,4
wall,11
cheerpark,1
teleportasi,2
ppk,1
levelinfinite,1
os,25
penat,3
reframing,1
entri,1
tril,1
night,16
extremefps,1
internya,1
piramida,4
tahap,3
berantas,1
rentang,1
asi,1
webtoon,1
noodle,1
chitter,4
istana,1
mafia,1
pegal,1
laksana,1
refurbished,1
puncak,16
papan,9
minigun,4
asepnya,1
realisme,5
jenazah,2
vision,1
berjalanjalan,1
trauma,1
drivedrive,1
gatau,1
payload,32
evogroundnya,2
efektif,33
loy,1
viktor,2
vss,1
sembuh,5
hangat,1
taiiiiiii,2
pinknya,14
ekspresi,2
mulut,4
antarmuka,1
pemainpemain,4
belok,1
tengku,1
pasuk,7
amennnnn,1
kreator,1
becus,1
henk,1
crashing,1
hot,5
backgroundnya,7
zonasi,1
dead,6
evozone,10
efektivitas,1
efisiensi,3
simbiosis,1
mutualisme,1
spiderman,31
ramgb,4
white,1
april,16
bantencent,2
lingkar,1
inventory,46
bugleg,1
kemtang,1
blank,19
spawning,1
om,20
rotasi,4
toba,4
mba,1
reupgrade,1
mutakhir,2
id,18
potato,7
phones,1
kilas,1
joystick,17
gundul,2
bintangin,2
kmren,1
kuantum,1
gamer,90
menginstall,11
framdrop,1
bandara,3
bersamasama,1
rush,31
gim,5
balingbaling,3
iluminasi,1
relogging,5
ghz,11
octacore,4
nm,4
bengkak,2
death,24
persegi,4
stutter,4
nyarinya,2
glowing,1
colok,1
eranggel,4
mesti,2
ujungujungnya,39
fatal,28
spraydown,1
pel,1
rollover,1
scop,4
dizoom,1
teamdeathmacth,1
tutorial,3
freezing,1
nyalain,10
kontroversi,1
paywin,1
building,1
telanjang,1
kejam,3
garis,3
multiplayer,1
connection,9
gemerlap,2
pistol,22
sejajar,3
bangkai,1
upgread,2
celah,3
tencentkraftoon,1
action,2
mk,4
supresor,1
supply,11
capslock,1
situ,2
classicangel,1
sprint,2
ss,14
ketidaknyamanan,27
kadangkadang,25
gadget,57
fream,4
instruksi,7
teancent,4
sinkronisasi,1
katro,1
nasi,1
ashu,1
duar,1
plek,1
bising,2
dinerf,1
sahrul,1
software,6
config,52
fos,2
pedal,1
steering,2
januari,4
fux,1
mtg,1
buta,11
nob,1
evegroud,1
parasit,1
nonlite,1
debat,1
ciri,19
khas,1
stack,15
load,88
club,4
novorepnoye,1
georgopol,9
diroll,1
visualisasi,1
feeling,2
zenfone,21
zb,1
pie,1
peaan,1
penvet,1
jt,10
scoop,9
droop,1
poinpoin,1
ahh,1
user,12
interfacenya,4
hmmmpp,1
devlop,1
duosquad,4
marahmarah,8
ngeboost,1
winer,4
diner,7
konsentrasi,4
bad,6
ngumpul,1
payah,9
reaksi,1
zill,1
bambang,4
kabel,1
sentral,1
ulas,3
jernih,16
realod,3
ammonya,1
parkir,1
terburuburu,7
ekstrem,7
roda,1
collaboration,1
gafik,1
perih,5
vanaglory,1
sarung,1
kabin,15
tencnt,1
gunduk,1
bidang,8
cakup,1
nyanyi,3
agreement,1
pubk,1
vc,5
sush,1
safezone,1
rawan,1
setrika,1
berkedipkedip,5
bergerakgerak,1
ex,2
xperia,1
camp,4
tri,3
enter,4
ketawaketawa,4
e,21
interaksi,6
score,1
donk,23
change,8
binoculars,1
reloadexit,1
diulangulang,5
ramping,1
fastpaced,1
shoot,5
interface,8
extension,1
patchnya,10
sis,15
provider,29
spray,8
matah,2
mobilenya,20
ngefreeze,4
noch,2
diloot,13
gerakin,1
fixit,1
teks,17
lobytim,1
tnks,1
fisika,1
reconnect,21
only,2
nanya,3
lumrah,1
classicdm,1
hitamhitam,4
kanada,1
papji,30
best,5
koleksi,3
umput,1
fiksasi,1
resourcenya,7
instrumen,1
ponsellah,1
tensen,2
ngambil,4
grup,12
switching,1
button,6
apartemen,5
lovers,1
sensi,17
ski,1
engine,5
logis,2
bang,1
xp,1
indohome,1
chiper,1
landingnya,1
ruins,1
maps,1
demag,1
keong,2
sayanghhh,1
objek,3
merana,1
pocophone,18
boneka,1
gabus,1
lowmid,4
semaksemak,3
warnawarni,2
berwarnawarni,2
siar,5
first,1
perspective,1
maling,1
apel,4
tampar,1
cabang,7
loss,4
scene,2
ujung,1
lagilagi,21
citra,1
chatnya,12
meresetnya,1
tendang,2
kantor,1
weekend,1
radius,2
netizen,1
sangka,7
pengkodean,1
tanam,3
coret,1
burung,1
tp,13
frezz,1
don,28
tolonggggg,1
dilema,1
renang,3
nembak,12
laju,12
arenatdm,1
kereta,5
gaul,13
wifii,1
oreo,4
tulang,1
lego,1
windows,4
jombie,1
teaming,1
connect,15
skinkd,1
botplayer,1
susul,4
fajar,7
jahat,6
professor,1
ngeframe,1
basmi,6
hadeeuh,1
soloduosquad,1
angkasa,3
framedownnya,1
rule,1
blue,5
antialiasing,5
ketidakstabilan,5
budget,10
gigit,1
ellhu,1
bajing,5
apple,2
asalamualaikum,1
cerah,3
peremium,1
cuplik,4
blackshark,4
edar,7
huff,7
nak,2
redmagic,1
hei,1
dot,2
merender,9
miss,13
teamndeath,1
official,1
recovery,1
gaji,7
stap,7
mengurangimenghilangkan,1
shotgunnya,5
rozhok,8
medcit,1
pjnh,1
gembok,1
eeehhh,1
sgalo,1
flip,1
lootingnya,1
lower,2
serap,1
invite,1
menindaklanjuti,7
graveyard,1
timpal,8
mile,1
lembut,2
lincah,1
lagpatahpatah,1
devica,1
terknock,4
setinggi,4
providernya,7
usung,1
tcn,1
acakacakan,14
desing,1
sektor,1
bermilmil,1
aftermatch,2
kompilasi,4
punah,9
bedabeda,1
gigabyte,4
freezestack,1
segar,5
ekstrak,1
vouchernya,1
aksesorisnya,1
middle,1
ituitu,8
diload,15
stay,1
iphonenya,1
minimalis,3
nb,4
vest,7
grainy,2
merk,15
ystad,1
otakotak,1
hmm,10
modemode,36
dengung,2
khong,1
ghuan,1
rendernya,17
countdown,2
report,1
ngomongin,7
pcps,1
menguninstallnya,8
radio,4
minimap,7
pikap,1
bugglitch,1
idm,1
setel,4
tinjau,3
haiiii,1
sdcard,1
diminimalisir,10
resiko,2
dog,3
temen,22
majalah,1
hitsnya,1
bluehole,7
shuttering,1
underrated,3
sekaligus,28
tecent,16
graffiti,4
damping,7
licin,1
tumpang,3
cpu,6
gulir,1
segmen,1
laggingnya,10
poni,2
udh,1
base,5
leggernya,1
sakura,9
scarlet,1
hallo,18
simbol,3
spat,1
skinevent,1
kendor,1
scroll,4
feedstory,1
devloper,12
pental,19
kesiap,1
saham,4
spawnnya,8
suplai,1
paladen,9
blender,1
jembatan,5
tencentproxima,1
buck,1
instalan,16
gawai,4
bahas,4
kakikakinya,5
tiang,3
tower,4
asuuuuww,1
kekanakkanakan,1
gegabah,1
harta,1
karun,1
frefire,4
bdm,1
ayoo,1
gugur,1
realita,5
lesley,1
tencnet,1
enteng,6
radar,9
lacak,1
unit,1
gerus,1
owner,4
forma,1
lanjur,5
saksi,5
crate,19
bilah,6
pendek,12
cebol,1
berpindahpindah,8
rangkak,1
memo,3
squadku,1
pilot,3
kamar,3
confignya,4
fiksi,7
fireteam,1
ber,1
jitu,1
beretta,1
kacamata,6
modus,3
benua,4
pekat,4
body,14
turning,1
tarif,3
xg,1
inchi,1
wofi,1
tools,22
grafit,6
sanhook,2
wujud,2
apung,6
kudakudaan,1
roll,1
gontaganti,1
sedge,1
gif,1
buriq,10
lucxy,1
diboost,1
menindaklanjutinya,1
muntun,1
hidayattrahman,1
jelly,1
meds,1
boosting,7
meele,1
fremenya,2
studio,1
graphics,1
apabila,16
karyawan,4
phk,1
chestnya,4
vicandi,1
redmia,1
toolnya,1
moblie,1
devs,31
realitanya,1
please,2
lobcat,1
attachment,8
mlbb,4
rich,1
tancentnya,6
tunggal,2
rutin,11
tancen,26
ajg,7
sony,4
big,4
parang,5
manchette,1
linggis,1
gear,9
launching,4
tunai,10
missquen,4
kmjam,1
kondusif,11
realmepro,1
tali,2
fixxx,1
move,8
cd,1
tajam,3
second,1
jungkir,7
atraksi,1
parkour,1
dialog,1
tempattempat,1
automatic,1
spectate,22
coupe,1
parkur,1
lomba,1
check,1
perawan,1
reloo,1
sungkur,1
smb,1
bapak,1
mediatech,1
holio,1
gx,4
gemes,2
diperjualbelikan,2
adminnya,1
siksa,7
leq,1
bubar,5
stuk,1
koordinat,1
pole,1
usir,3
hmmm,16
tembakmenembak,9
awalawal,5
tapak,5
nyaring,7
bud,1
ngejam,1
eksklusif,1
truk,4
monster,21
mubazir,7
tomboltombolnya,10
dasardasar,1
plane,4
menuing,1
buzzfade,1
tentara,11
mohawk,1
gimbal,1
kumis,1
janggut,2
cambang,2
hehee,1
kakak,10
ns,4
specate,1
frizz,1
payloadnya,7
devolver,11
history,16
andreno,7
duga,4
json,1
folder,3
bukabukaan,1
rebus,1
renyah,1
soc,17
konektifitas,10
mustahil,2
serakah,5
tameng,1
bla,46
susut,2
erosi,1
pubgxdragon,1
cloud,1
ngeliat,7
fiturfiturnya,8
fashion,10
kepiting,4
apdets,1
bugs,1
ksh,4
erangle,17
laugh,1
tin,1
boomnya,2
pug,1
world,4
infeksi,9
feedback,16
klarifikasi,1
sayap,4
surut,1
pladen,7
raga,1
curam,6
blind,2
direction,2
r,8
scarl,1
dini,12
ngetok,2
thnks,8
intel,1
core,7
vga,1
gtx,1
ti,1
virus,1
select,1
viewer,6
aug,1
mp,7
freezenya,4
knockout,8
sosialitas,1
tersendatsendat,4
seasonseason,4
shortcut,1
uodate,7
kalimat,5
shark,8
sdku,1
mengulangulang,1
masamasa,4
lobly,1
rute,4
hill,1
erengel,14
misterius,1
errangel,1
fpsiphone,1
lott,1
brilian,1
milenial,1
andai,3
goglog,1
all,14
ku,20
umm,1
anniv,1
rapid,1
valid,10
date,12
booos,1
spectatornya,4
introspeksi,10
usul,3
autoloot,2
skorpion,2
visibilitas,1
runduk,7
emu,4
sekalikali,1
kawankawan,14
zombienya,36
mekanik,4
rtos,1
beyond,1
hopping,1
aspirasi,1
merinding,4
trend,1
profit,2
salut,7
instalasi,5
sunhok,1
menara,7
ternak,4
sendok,3
reda,1
nyeri,1
cancel,4
rombak,3
scorpion,1
gc,5
meresponnya,3
hek,1
unbind,4
bus,24
latch,1
btw,7
self,1
moving,1
survei,1
adjust,7
huruf,1
bimbing,1
merefresh,1
spactate,1
spider,1
alihalih,18
jijjutsu,1
quantum,25
salur,3
relock,7
dobel,3
hotspot,10
spesifik,2
apex,13
tuduh,2
petigachalucky,1
gamespot,3
ciken,7
gedegede,3
duaduanya,1
strat,1
tiamout,1
ssnya,1
um,1
kb,4
nusa,19
prame,1
pindahin,1
pasir,1
multipemain,7
aie,4
aaahhh,1
haluan,5
bots,1
praktis,2
pantengin,7
arab,1
silang,1
curiga,4
maug,1
downhill,1
teknologi,8
forever,1
mono,4
stereo,7
mobon,1
disconec,1
sarve,1
real,1
ekonomi,9
horaaaasssss,1
kompleks,1
matchcrim,1
kategori,3
loadout,2
escape,1
evakuasi,1
platform,14
gane,1
pesat,2
luput,4
dikit,17
livic,1
klimaks,1
sprite,1
kompas,1
rehat,1
desync,1
wqwq,1
truss,8
kbs,14
mbs,23
hackernya,1
nimbus,1
anjlok,1
karakteristik,1
muncrat,1
kawasan,1
kasat,19
kar,1
primer,1
sekunder,4
knocknya,3
tencenr,1
seaon,1
temenku,11
pasrah,4
anncuurrr,1
nyambung,41
friendlistnya,2
leggy,6
trims,1
devlevelinfinet,1
widih,2
author,1
follow,6
shield,7
esensi,1
bolehboleh,7
he,4
smoothhigh,8
updatean,1
rezeki,1
hendra,1
controlnya,3
kedengeran,15
puji,3
survivalnya,1
insting,7
roomnya,1
gemers,1
bersiapsiap,1
bg,1
perahu,1
keyboard,8
prosessor,1
powerful,1
pencil,4
kecilkecil,1
geh,1
ngikutin,1
cloudnya,1
gamex,1
toleh,2
respond,4
headphone,9
bunga,1
ilustrasi,1
mathching,1
sentak,2
relogin,13
nonstandar,1
goldnya,1
habishabisan,1
pr,1
sona,1
anime,4
sao,2
ggo,2
komponen,29
huuuuuu,1
tebar,7
pionir,1
dagang,1
cma,1
krusial,1
mahakarya,1
tiltnya,3
mengutakatiknya,1
mapmode,2
crownnya,4
spected,10
deathrace,1
revisi,4
medal,1
secure,1
meresoftware,1
lakok,1
podo,1
wae,7
mas,1
liviknya,4
dipikirin,1
rasis,4
bermacammacam,1
scpe,1
acecrown,1
sea,1
bullet,7
bal,4
panorama,1
collect,1
tancentgame,1
besut,11
moonton,8
underblood,1
kuno,1
botrobot,1
komputetrobot,1
cyber,4
hunter,1
raksasa,19
maxpro,5
teche,1
everything,1
maxi,1
tiarap,3
midend,7
selagi,5
opening,1
sia,1
eksperimen,2
upnya,1
sarang,4
ng,1
freezeframe,1
transit,1
balingbalingnya,3
radiasi,4
brust,1
zipline,1
passnya,13
aov,4
tx,1
dilaynya,1
sfx,1
galery,1
ig,8
rolling,1
gemess,1
las,1
pubgmpeta,1
barulivik,1
eek,1
trialnya,8
spectating,1
bugger,2
rataratanya,1
liar,5
hehehe,11
tbtb,7
ronde,14
enyoy,1
recool,1
kutu,3
rogoh,2
kocek,2
nyentilnya,1
assault,1
deadmatch,7
myanmar,4
fancooler,1
cantik,5
taeklahh,1
hf,1
teknik,5
tracking,1
splash,1
popup,1
diteleportasi,1
ehhhh,4
perangkap,1
lubang,3
pisau,3
kapak,1
panzerfaust,1
inkonsisten,1
taktik,7
maha,2
gra,4
frm,1
qbu,2
qbz,5
mpk,1
baring,7
saatsaat,4
meleset,7
rentan,1
xexit,1
apas,1
pacu,4
uhd,10
bugloading,1
berulangulang,12
leader,1
eragel,1
atribut,7
drift,2
drivernya,1
didih,1
legnya,1
hempas,1
merendernya,1
pubgmnya,4
template,2
steam,6
tlg,1
handsfree,1
pasca,1
runic,10
conqu,4
laser,3
pasif,4
newbe,2
create,8
sticker,4
overdosis,1
hobi,4
tencennnn,1
asssuuuu,1
rekqn,1
tengahtengah,16
tindih,2
langka,10
mbgb,2
tensi,1
dibesarbesarkan,5
playerhuft,1
paman,7
sizenya,22
jentik,1
asuransi,1
picwk,1
itemyzw,1
floral,1
menace,1
break,11
flora,1
menance,1
antialiasingnya,1
disangkasangka,1
gorilla,1
hadehhhhhhhh,1
quotepakai,1
pasok,7
lencana,1
eropa,10
turbo,1
lebur,1
golong,6
exp,4
frezze,7
inviniti,1
cekikik,1
tenshen,1
notenya,4
antena,1
fortnite,4
root,4
debug,1
snapnaga,1
yusup,1
film,1
bayground,1
mes,4
gyri,1
shoulder,1
w,10
ohh,4
tetring,1
doggggggggggg,1
kapar,1
palu,1
dual,1
cihhh,1
kitchen,1
after,4
livodka,1
sepele,10
chesternya,1
flashing,13
lte,13
wadefak,1
motolov,1
berputarputar,6
hank,1
stak,2
hall,1
aula,4
kbmbseconds,1
ae,1
medkitnya,2
laptop,3
saku,1
inspirasi,10
snapdragonnya,4
jombi,1
harihariku,1
xs,1
mx,1
habisin,1
guardian,1
asin,1
bendung,2
kelompok,3
markas,1
esok,1
coy,1
coeg,2
group,1
mobilkapalatv,1
mui,1
tencenttt,1
proyek,1
guinya,1
jepang,4
buru,3
jan,1
idiot,1
martin,7
nyangka,4
arcadelah,1
grogi,1
parut,1
gls,1
terupdate,10
oktober,4
sanok,1
pluginnya,1
hahahahaha,4
tc,1
kandung,4
company,1
promonya,1
eehh,4
gemenya,1
diberitahukan,1
upggrad,1
soradamedame,1
perempuan,5
jalang,1
handgun,1
firasat,1
sfxnya,1
endingnya,2
bluetooth,2
rankingnya,3
quadruple,1
salvo,2
remeh,3
classictdm,1
trade,1
bc,1
minecraft,1
number,12
tencentdevelovers,1
bentak,1
botton,1
dropframe,1
gtasa,1
texture,10
padat,1
alternatif,6
monitoring,1
loby,2
serigala,1
green,4
kong,7
mayoritas,13
conferp,1
udpte,1
speck,1
xiomi,1
titer,1
chark,1
storage,4
ck,1
ros,15
jeroan,1
kilef,1
njenk,1
mytick,1
scoping,1
denger,6
ken,4
stasiun,1
hehehehe,1
ibrahim,1
atthoriq,1
ketidaksesuaian,1
opo,1
plate,1
sanhock,7
romnya,11
grafyard,1
delaynya,1
masukin,4
blunder,1
karakinnya,1
orangorangnya,1
marak,2
flicker,2
case,1
shadowgun,1
ty,4
smartfren,13
mncplay,1
giat,1
tarikmenarik,1
omongomong,1
patroli,4
lisensi,1
ez,1
senapan,7
mm,1
interferensi,1
mengkondisikan,1
starter,1
plagiarisme,2
anjur,1
allah,7
sedan,7
difikirkan,5
beres,3
hahirhahir,1
list,7
aceace,1
tren,1
iritasi,4
trim,1
tencten,5
scorenya,1
terrruuusss,1
gambang,1
seasons,1
joob,1
jebol,9
diamod,1
pelik,1
badut,1
bajubaju,4
specte,4
gryo,1
the,22
mecagozila,1
minder,3
codmnya,1
grgrku,1
cat,1
dangkal,1
ri,1
spawm,1
lean,1
selfpropelled,1
sebesarbesarnya,8
laahh,1
coooeeg,1
klp,1
dirender,12
koordinasi,1
geram,4
publisher,1
euhhhhh,1
seberang,4
sokong,1
nngtodd,1
dapur,1
masala,1
pager,1
davice,1
lute,1
stagnan,4
buffer,1
squard,1
hadeeeeh,1
pu,1
lenovo,1
legion,1
lout,1
frameratenya,1
wadah,1
enjoy,4
diucapin,1
fixid,1
renung,1
dicompress,1
rancang,5
temcent,4
updateupdate,8
kemas,1
kz,1
zsn,1
kwan,1
bugar,1
app,4
fragmententcent,1
oubg,1
times,3
uploadnya,1
ipan,1
tips,10
dli,1
haehhh,1
sms,4
foreclose,1
bajaj,1
couple,1
mr,1
licker,1
jiwa,3
rujuk,1
miranmar,1
ras,1
keluarga,4
dimainin,2
sambut,1
natal,10
quickdraw,1
extend,1
instan,2
seller,1
fffree,1
diskusi,1
sprayylfire,1
tapfire,1
seling,1
challenge,1
ramggb,1
numpuk,8
aset,4
pause,1
lowmidend,1
playerku,1
pangkas,1
knok,1
hdultra,1
card,27
sel,4
berhatihatilah,1
hdrnya,4
blabla,1
babak,1
final,4
ngepush,5
stag,2
deathkd,1
tebeng,2
keriting,1
romram,1
mbnya,4
seson,2
saraf,1
eeeeee,1
userengine,3
grass,1
fog,1
tree,1
esp,4
wallhack,8
autoaim,2
kandang,1
karet,1
darimana,1
yasnaya,4
polyanama,1
kedenger,1
pqrasutnya,1
moonlight,1
bisnis,3
klaw,1
standoff,1
tencentt,7
kravton,1
ungkapin,12
lamban,7
abalabal,2
pugm,2
kesalahankesalahan,1
tenanggggggggg,1
tenccen,1
wabah,1
palet,1
festival,3
cita,1
bandit,1
jumping,4
quotes,1
palden,1
bundlenya,1
nasehat,1
dangdut,1
gbku,4
gaung,1
tantcent,1
profesionalisme,3
aii,3
kolom,10
ubunubun,2
nyambungnya,1
anj,1
jelajah,2
isu,1
oooiii,1
bumi,4
kouto,1
nay,1
herdiana,1
pad,5
sosmed,12
ganteng,7
luka,3
googling,1
ekor,1
tambal,1
disiasiakan,1
bekas,3
yes,1
wui,1
static,1
laras,1
seosen,1
fremmnya,1
lvlnya,1
tangkas,4
pola,1
royalti,1
sensitifitas,1
lakilaki,4
mvp,1
mempostingnya,1
memposting,1
telungkup,1
tenceeeeeeeenttt,1
spectre,7
distribusi,1
gaush,2
booyah,3
problem,1
legenda,3
haru,6
mitig,3
legendnya,1
sopan,3
artikel,3
mineral,3
behaviornya,3
relatif,7
pata,9
produk,9
asing,12
suram,3
starting,1
gamematch,3
mainmatch,3
relogdeh,3
composer,3
ramrom,9
af,3
lightspeed,9
stok,3
mnc,3
lekuk,3
feedbacknya,3
modifikasi,6
access,3
adiktif,6
sandung,3
ngfrmnya,3
saranin,3
sls,3
platinumdiamondcrown,3
diblock,3
logika,3
gairah,3
compensator,3
grip,3
akm,12
muzzle,6
ampuh,1
kampretttyyy,3
privasi,6
tdmarena,1
skala,3
vpro,6
ijinkan,15
junjung,3
sportivitas,6
krisis,3
identitas,3
gimmick,3
peser,3
mikrotransaksi,1
tencengames,6
hilangin,1
partynya,3
delevloper,3
tansen,3
syng,3
cheter,9
lembar,6
gemetar,5
diframing,1
lutut,3
sx,1
sllu,1
plyer,1
recalnya,3
tandatandanya,3
ngerender,3
boxy,3
spraynya,3
reader,3
light,3
aeokawokawok,3
st,6
treatsure,3
spinnya,3
hehehaha,3
kalkulasi,3
pibg,6
input,4
larut,3
mad,4
angguk,3
h,21
ngga,3
rejeki,3
hufttt,3
notex,3
likenya,5
ngeri,2
ahli,9
langitlangit,3
mantan,3
kuntit,3
nyesel,9
semesta,3
smots,3
gerah,3
pukau,6
industri,3
pesona,3
eksplorasi,3
lagipula,2
tuslah,8
nobat,3
swring,6
orientasi,6
gatchagatcha,3
produksi,3
spacetator,3
bayangbayang,3
aurora,3
crossover,3
gblk,3
skate,3
koniciwa,3
terobos,9
daki,3
kuningmerah,3
re,3
lafyou,3
gama,3
berfoyafoya,3
evant,3
block,3
montoon,6
tankyou,3
bandwidth,6
antre,3
artis,3
format,3
sny,3
cegah,2
busur,6
rankunranked,3
launcher,2
takdir,3
nabung,1
mtk,3
senggol,1
macht,3
candu,3
exe,3
konsumsi,2
puasa,3
member,3
mirado,3
golden,3
microphonenya,7
amiinnnnn,1
sign,8
cece,3
gigantuarrrrrrrrrr,3
tamvan,3
pubgan,3
kemanakemana,5
burik,8
boong,6
bocil,6
amanaman,6
creat,3
boxnya,6
hostnya,3
basis,3
apgret,3
add,3
ekstraksi,3
phus,3
alir,2
kopling,3
pixel,6
lunak,3
btr,3
rahmad,3
userfriendly,3
tierku,3
bagging,3
ngerusak,3
phanaroah,3
bodloop,3
ly,14
outnya,4
repotrepot,3
mengotakatiknya,3
display,3
inch,3
ajaib,3
basic,15
freezecrash,3
hdehhhh,3
desember,3
notpound,3
jalanin,3
pinglalu,3
distack,3
unsur,12
sang,3
gamedev,3
bergoyanggoyang,3
jempol,4
eeeeh,6
pocingkhi,3
nokia,6
sombong,3
bruhh,3
groza,3
karabiner,3
tari,3
hnxcold,3
simpati,9
nikmatin,1
harafiah,3
pence,1
sediakala,3
undur,6
scrimmage,3
hobby,6
clip,3
tencct,3
flyernya,3
ekuitas,2
stucknya,3
alamat,6
stream,1
baking,3
camera,1
pocinkiy,3
overclock,3
sifat,3
upgretan,1
anya,1
burst,3
diskoneksi,9
infite,3
tancet,3
indo,3
pebting,3
bendera,3
feednya,3
yram,3
yasudahlah,3
gokil,1
sim,6
xiaomiasusoppo,3
xiaomisusoppo,3
mission,6
dievozone,3
minimus,3
selatan,12
ciut,3
hewanhewannya,3
skuadnya,3
jelang,8
hidung,3
bibir,3
tattoo,3
pure,4
ngetersedak,3
tencend,3
arcane,9
onimbus,3
hadeuh,9
lontong,3
pronasi,3
procie,3
rollingnya,3
pustaka,6
klaupub,3
kontollll,3
xr,3
rakit,3
playload,26
mondarmandir,1
liga,3
roti,3
sewaktuwaktu,3
juru,3
bitt,3
hotel,3
pos,3
vcd,3
serbu,3
bisabisa,2
tengkurap,7
friendslist,1
lejen,3
plum,3
smoko,3
besarbesar,3
abs,3
infinte,3
brokenwold,3
nyesek,3
prochip,3
ragdoll,3
biak,3
cobm,3
apgredu,3
tppfpp,3
tangki,3
buddy,6
framwle,3
momentum,3
teroris,3
benam,1
dbno,3
cardnya,1
aidrop,3
kripton,3
sandar,3
running,4
proteksi,5
homepage,6
kusen,1
stableframe,3
riah,3
fasion,1
pubgpc,3
nick,12
gml,3
ilang,3
tok,9
kbpsping,3
lenting,3
story,3
forcloses,3
realmie,3
dragonball,15
tenc,1
pubggm,3
misqeen,1
jenjang,3
kamp,3
perlahanlahan,3
direstore,3
hok,3
qu,3
agresivitas,3
updaternya,3
downvoted,3
acung,3
suppotterima,3
ngelagnya,3
instalnya,3
leaderboard,3
proud,3
lusa,3
taikk,4
taikkk,3
gergopol,3
kolong,5
vicendi,3
thks,3
manusiawi,5
pendekar,1
hip,3
tube,6
kontra,3
karya,6
clock,3
speednya,7
ketidakpuasan,3
scrimtournament,6
jplus,3
erpod,3
rtorequesh,3
derak,3
futuristik,3
skateboard,3
simulasi,3
show,5
life,6
downloader,6
controller,14
mouse,12
venue,3
kr,3
ngalegacha,6
hotdrop,3
damagecheat,3
sipp,3
credit,3
bau,2
belaka,4
timer,3
pupg,6
wenang,6
deras,7
gantu,3
handset,4
stroge,3
jogja,3
mekanis,3
newera,6
diloby,3
tencentnya,17
telunjuk,12
kombo,3
jiggle,3
prone,3
touchnya,3
parse,3
terpercayaku,3
organisir,3
coding,3
tenchen,6
pkai,6
hits,4
confiq,3
realitas,3
patuh,3
sahmee,3
iv,3
nyatain,3
perisai,3
battlenya,4
lahir,6
adegan,12
ingamenya,6
bisik,3
if,3
for,6
tentent,3
jarongan,3
matahari,3
domination,3
cobacoba,11
februari,3
nabrak,9
trsbt,1
law,3
buffernya,6
fansnya,16
rewords,3
pipa,3
jajar,3
fun,3
janjijanji,3
trailer,3
jeli,3
berpendapat,1
multigame,3
trampolin,3
buging,3
hahahahah,3
diley,3
konsekuensi,3
kompetitor,11
troll,9
flipping,1
regulasi,3
unarmed,1
shooting,6
pliss,6
piiiissss,3
laa,3
panel,3
insto,3
ngambek,3
narzo,9
cok,1
anjr,3
gadgetnya,6
loating,3
caption,3
pintarpintar,3
songong,3
allin,3
emoj,3
instant,3
speedboss,3
deathgame,3
scan,5
bird,6
battleroyal,3
nyet,3
mmorpg,3
xapk,3
jannn,3
cookkkk,3
jing,3
loopnya,4
is,5
back,4
burikkkkkkkk,3
vespa,6
abdet,12
apdtetan,1
shrak,3
iri,6
temennya,6
press,3
krefton,3
mungsuh,3
kuamtum,3
kjrp,3
mirror,9
parit,3
mytic,3
megah,9
snipernya,9
patung,3
lukah,3
subuh,12
go,11
and,8
steer,3
kebun,3
binatang,9
sabotase,3
subscribe,3
optimis,3
nh,1
kelonin,3
pose,5
alx,3
frameless,9
duper,3
amiinnn,3
dibenerin,12
gigaplus,1
cair,6
ditengahtengah,6
skrip,3
advanced,6
batubatu,3
universeri,3
smkin,1
bntr,2
notif,3
korek,3
gig,1
eksploitasi,3
crashsite,3
copypaste,3
mengcopy,3
salin,3
jancok,3
senta,3
senja,6
darurat,3
njingg,3
agustus,3
timeoutserver,3
magazinenya,1
kering,3
dsync,3
proneshotnya,3
gde,3
pegawai,3
lembur,3
eps,3
sison,6
matangmatang,6
usai,7
anan,3
lmg,3
pedang,3
ninja,6
tangkis,3
yg,7
wlpn,3
font,3
diimprove,3
tilt,7
lagcrash,3
tukang,3
msku,3
ensiklopedia,3
firenya,2
publikasi,3
kutuk,5
provinsi,6
danlowed,3
danlow,3
muaaaaaaaaaaaaaaaaaaaaaaaaaaaaaaaaaaaaaaaaa,3
danlowod,3
irama,3
suv,3
lac,3
graffitinya,3
adios,3
prajurit,3
licik,6
tempuh,3
tonggak,1
komitmen,3
pesimis,3
great,3
ammobullet,3
lompatlompat,5
motion,6
komplek,5
page,3
mempedulikan,3
ancuuur,1
prihatin,9
servis,3
impi,3
dick,11
ajiing,3
dibug,1
graphightmode,1
rasuk,3
alpha,6
joyce,3
lumpur,6
wasallam,3
alaikum,3
warohmatulohi,3
wabarakatuh,3
premdrop,3
matakin,3
al,3
pg,3
sport,3
manggung,3
colab,3
kampreett,1
masakmasak,2
stop,17
gentoddddd,3
horny,3
text,6
lemari,3
portable,3
medkitku,3
warr,3
ramx,3
guys,17
flaghsip,3
engineer,3
unreal,3
krjp,6
hilight,3
andro,3
zpro,5
wide,6
fragmentasi,3
hago,9
spaknya,3
pepek,4
ubdet,6
translate,1
pickup,3
ww,3
dendam,3
making,3
cupon,3
welhack,3
hollayeay,3
binta,3
remaja,3
landas,3
usap,3
tititllll,3
adz,3
nds,1
renda,3
slider,1
msbug,3
tongkat,4
ajingggg,3
hadehh,7
blsn,3
resize,3
tertib,3
misqueen,6
med,3
venezuela,3
letih,3
rendem,3
beryl,3
hole,3
bikil,3
seharihari,3
taiii,3
puki,3
hedewhhhhh,3
sembunyisembunyi,3
hantam,5
warfighter,3
incar,3
xpro,3
saring,3
deartencen,3
manager,3
graffity,3
leged,6
praktik,1
papjinya,3
decit,3
pugbm,3
wifidata,3
citacita,6
trincent,3
bangkit,3
unrated,3
filefile,3
ketidaknyamanannya,3
realisasi,3
erenjal,3
sales,3
openingnya,3
profesionalitas,1
adik,1
past,3
legal,3
misty,3
port,3
ogahogahan,5
kampang,1
martial,3
showdown,3
tanjak,3
bantubantu,1
smuth,3
checkin,3
classcic,3
tences,3
memframe,4
satelit,3
apkconvig,3
aimbot,3
username,3
diannugrh,3
shootingnya,5
tdmnya,4
bling,4
rusher,6
pering,3
jepret,3
happy,1
lengkung,4
babget,3
riot,3
ep,24
lightsped,3
studios,3
arced,3
knocking,1
resell,3
rds,9
devlover,6
intai,3
nyantai,3
akur,1
emot,6
bening,9
keteng,3
mikirnya,4
gawat,3
ejek,3
sdm,3
rx,3
shareit,6
mf,9
playloadnya,1
capung,3
stat,1
derajat,5
arsip,3
deatmach,3
yusri,3
sapa,3
ucci,3
bagianbagian,3
ngendoknya,3
dianalisa,3
bazooka,4
rocket,1
remake,3
cheters,3
sporty,6
kencan,3
diframe,6
itemmapnya,3
reccal,3
pls,1
roboh,3
lamborghini,3
armorku,3
framelag,8
jasa,3
hihihi,3
juluk,3
mbl,3
robek,3
unin,3
wokwokv,3
jpro,3
opss,3
tangis,3
goreng,3
gamat,3
jelekjelek,8
kurus,3
louting,3
pharon,3
umpan,7
steb,3
kontes,3
apdete,3
tencentkrafton,3
framdop,3
dota,3
teamdeathmatch,3
androidnya,19
lollipop,3
mia,3
lintah,3
ngapain,10
pede,3
gac,3
tacent,3
rintang,3
cacing,3
buglagnya,3
taktis,3
kompak,3
pembaruanpembaruan,3
award,3
defaultnya,3
paraaaaah,3
cadang,3
tweet,3
kompatibilitas,3
asianya,4
centang,5
niramar,3
rare,3
bongkar,3
rebah,8
jorok,9
orisinalitas,1
orisinal,5
komik,3
singa,3
dancenya,3
ariel,3
quickscope,3
stabilizer,3
tencentgames,3
kaos,5
hembus,3
ingus,3
kaji,3
membedabedakan,3
noohh,3
lost,3
dibannednya,1
octopus,3
jarijarinya,1
keringat,3
mengakomodir,3
kalaw,1
sc,3
chear,3
mentalitas,3
kubis,3
tihang,3
kerap,6
mandi,6
upm,3
kakikaki,6
erngel,3
senapdragon,3
bitangnya,3
pubglite,3
kendur,3
habishabis,3
topik,3
buas,3
duoku,3
realmi,3
kash,3
timenya,3
dikurangin,7
lahhhh,3
banjir,3
leher,3
estimasi,1
trolling,3
winter,3
citersnya,3
bradley,3
ingkar,1
direvive,4
dikitdikit,3
appnya,3
erengle,3
matchwar,3
frosclose,3
masif,1
fiery,1
pier,1
ngapangapain,1
giganya,6
pubgmending,3
money,6
skli,3
xixixixix,3
lapang,3
tolobg,3
vikandi,3
okkk,3
develeperadmin,3
kombinasi,3
rayap,9
downloadupdate,3
trigger,3
garansi,3
dilay,3
four,3
gmaes,3
reboot,3
dampar,6
oleng,3
teriakteriak,6
peran,3
sepatu,3
wallpaper,6
pool,6
deatmatc,3
myhtic,3
eppeeppe,3
afrika,3
gedunggedung,3
kda,6
unlinkedunbind,3
namax,3
fashionnya,3
citers,13
rangin,3
telefoto,3
bootcamp,3
san,6
skuy,3
csnya,3
hype,3
menyianyiakan,6
limpah,2
gbmu,3
bgsd,8
mksi,3
muahhhh,1
seni,3
telang,3
feelingnya,5
bright,3
astaga,3
kapten,3
nampaknya,3
notres,3
deactmeact,3
devv,3
rebuild,3
legacy,3
ahhhhhhh,2
thnx,3
pubgji,3
antipeluru,3
nepal,6
bangladesh,6
fgsigatmydamfi,3
kitabtinggi,3
wyatb,3
iblis,3
tandingin,3
crew,6
sentil,3
spre,3
belalang,3
praregistrasi,3
binjai,3
vietnam,3
simpel,3
joging,3
nulis,3
runnya,3
sengsara,2
undi,6
kadaluwarsa,4
mimpi,3
nafas,3
tencennya,7
plissss,6
refreshing,3
idihoe,3
bikinga,3
safe,5
kualifikasi,6
hahahahhhhhhhh,3
mulusmulus,1
cheers,3
ganas,3
weekly,3
launch,4
dipindahpindah,1
gudluck,3
lamakelamaan,4
delapan,3
tulus,3
expired,3
vault,3
sampel,4
sensivitas,3
anonimon,3
utara,6
kompetisi,2
shoutgun,3
az,3
pending,3
droplag,3
icing,3
cake,3
taek,3
finis,3
hahahahahahahhaha,3
rangket,3
or,3
gfxtool,3
busett,3
skimming,3
benih,3
kotakota,5
kalimantan,3
royalpass,1
belangbelang,6
mutasi,3
hedehhh,3
tance,3
kwek,1
eson,3
kmrin,3
downold,3
asesorisnya,3
dibuatbuat,1
framefreezing,3
hotfix,3
pointblack,3
keranjang,3
indomaret,3
supermarket,3
pointblanck,3
ranah,3
ngentod,3
labalaba,3
toolsnya,3
cmon,3
man,3
superman,3
musu,9
sekalisekali,3
tunggutunggu,2
squadnya,3
ngeout,3
fiw,12
seblah,3
wee,3
pubgny,3
kambuh,3
teamkiller,3
mual,3
ngebag,3
baggingnya,3
apdetnya,3
apusnya,3
pimpin,3
over,21
diutakatik,1
systemnya,3
apks,5
gamepads,9
otg,3
rozok,3
alangalang,3
smartphonenya,3
berbondongbondong,3
tencents,6
gendong,3
include,1
rol,3
sedap,3
bugrendering,6
purapura,6
failed,3
kucing,3
goodjob,3
papas,1
mach,3
bennet,1
botbotnya,6
chetpark,3
jadul,3
karaftoon,3
frz,3
dpause,6
kpasdut,3
temantemannya,3
transformasi,3
naga,3
kain,1
lanjay,9
board,1
improvisasi,3
bagibagi,3
plase,3
ganjil,3
kalengkaleng,3
console,3
congcueror,3
platimun,3
gta,3
kursi,3
rahasia,6
bunker,9
fpsfpp,3
fppfps,3
linning,3
timing,3
castel,3
ngajak,1
lahhhhhhhh,3
gravitasi,3
plot,3
tipis,3
bettle,3
aki,3
tegun,3
quad,3
qore,3
mal,3
ngeslur,6
slurnya,3
buga,3
special,1
vof,3
berterimakasih,3
bosanbosan,3
dengernya,3
komennya,1
record,3
arenggel,6
dimiramar,3
namanama,3
katakataku,1
poko,6
pubgku,3
talent,3
heddeh,3
cheateridiot,3
desadesa,3
chite,3
aspal,3
gosong,4
rejekinya,1
playerpubgmobile,3
foot,3
obsesi,3
grafix,3
url,3
tenncen,6
demo,9
buget,3
mahasiswa,3
autobannya,3
snaggtaaaaaa,3
slogan,2
cra,3
bercak,3
spay,3
ece,3
glot,1
novo,3
pandemi,3
tecen,3
gras,3
topup,1
updateupdatenya,3
survivor,6
mercusuar,3
labuh,3
frisingnya,3
lut,1
rquest,3
diikutsertakan,3
asean,3
ngebom,3
massa,5
village,2
chetnya,3
brozz,3
value,1
oprek,3
frost,3
ferstival,1
looby,6
kasiyan,3
ver,3
keran,3
gungame,3
charge,3
podvosto,3
panah,3
tekun,3
pnya,1
elang,3
skema,3
mobal,3
gafikx,3
penaklukr,3
siapasiapa,5
mahir,3
kentara,3
kupukupu,3
sson,3
autobus,3
wepon,3
bouncing,7
craftoon,3
praktek,2
elit,1
maennya,1
airdropnya,3
scrim,3
uid,7
mengendusendus,3
simpang,2
museum,3
pabrikan,3
fs,3
gasken,1
skinmu,3
saka,3
tenceny,3
seret,3
looping,3
rekal,1
kuil,3
mesir,6
wasallaaam,3
popout,1
va,3
watt,3
arus,3
mcb,3
readmi,3
tencentttt,3
we,6
bugxnya,3
squat,3
kzl,3
marshmallow,8
kingkong,3
tenk,3
bugframe,3
compatitor,3
stuknya,6
uninstallnya,3
wireless,3
firmwarenya,3
perspektif,3
dinnernya,3
retak,6
sata,3
info,5
mbpssec,3
spectactornya,3
direload,6
jeep,3
uaz,6
posepose,1
pamit,3
produser,3
noh,3
remuk,3
jepit,3
glte,3
fleksibel,3
geli,3
subhanallah,3
materialistis,3
dimidstein,3
midstein,3
grandkan,3
sholat,3
bag,6
saol,3
belench,3
sawah,3
freezer,3
batel,3
heh,3
tencenn,3
sqma,3
rander,3
nd,3
noteoppo,3
horor,6
spekator,3
populasi,3
sosisman,1
digarisbawahi,3
wild,3
gayung,3
leaf,1
kdrank,3
gegas,3
tunduk,3
trss,3
tollbar,3
pudar,3
forclose,3
lalai,3
graviknya,3
exodus,3
superior,3
xgb,3
bangmax,3
tooson,3
hedeh,3
macthingnya,3
noobs,1
mengadaada,3
lancang,3
centernya,3
teka,5
teki,3
spidermen,3
memberitahu,3
magus,3
mitic,3
tavi,6
patpat,3
notabene,3
sukat,3
villa,3
kencana,3
cikarang,3
menghimbau,3
bersihbersih,3
peledonnya,3
hastag,6
kerjain,3
ngeslip,3
wanjay,3
brain,5
shady,3
dagu,3
monyet,3
dom,3
qonque,3
mathmaking,6
minji,3
mai,3
ala,3
limited,1
njinggg,3
blastingnya,1
gema,9
playerrandom,3
selancar,3
freznya,3
roaming,6
idnama,3
vonantaraxia,3
taaaiiiiii,3
fazel,3
rotale,3
ngent,3
ngep,6
sok,3
pluru,3
mix,3
sirkuit,3
bias,3
kamiel,3
kembar,3
istilah,3
spetactor,6
ultinya,3
matiin,4
erick,3
cantona,3
referensi,6
anticheat,3
heatsot,3
kelapa,3
ambtron,6
chef,3
rilog,3
thq,3
kuwota,3
ambyaaaaarrr,3
bgsdnya,1
anjn,3
panen,3
kmrennya,3
segani,3
fremdrop,4
ikutikutan,1
lambung,1
baris,1
bank,3
bca,3
wooo,3
heboh,2
nttttt,3
return,3
dipake,1
pads,3
bann,3
reparasi,3
frequent,1
gigi,3
tpu,3
skinn,3
jamet,3
senyum,3
pw,3
flight,3
remote,3
tokotoko,3
kujur,3
cachenya,3
taego,3
dragonballnya,3
menandatanganinya,3
kanya,3
poxpoozzx,3
popu,6
seksual,6
karier,3
readzone,3
zzz,3
agama,3
islam,3
mind,3
bociiilllll,3
chet,3
bjorka,3
ges,3
fpsultra,6
dah,3
defeloper,5
pubgdedefeloper,1
netflix,3
tabnya,3
panci,3
jumat,3
tai,3
asuuuuuuu,3
athaya,3
looooh,3
ngehits,3
nekat,3
bizon,3
lagan,3
bin,3
giro,9
sssssssssss,2
wib,3
o,3
scoopnya,3
degdegan,3
victor,3
plagiat,6
gagah,3
motivasi,3
garap,3
bb,3
deadeye,6
desicc,1
boz,6
kk,3
bluezone,6
kilat,6
tenccetnya,3
sqop,3
tenccet,3
sirip,3
srikandi,3
shd,3
bangkal,3
parsial,3
avatarnya,3
pp,3
merto,3
cilukba,2
dipaksain,3
freemlag,3
kontradiktif,3
semarak,2
metroroyale,6
realodhealing,3
heheheeeeeeee,3
downline,3
iwak,3
liur,3
eksplosif,3
skiavk,3
ketidakjelasan,3
iven,1
uulpdate,3
aptudetnya,3
trek,6
flop,3
melayanglayang,3
iignation,3
hyperline,3
banh,3
bantai,3
pantang,7
tengyu,3
even,1
aimbotnya,3
ancam,3
balikin,6
discroll,3
mvpnya,3
pinggul,3
hee,3
kemaren,3
mudik,5
panggung,3
flang,3
nys,6
cherpark,6
softwarenya,3
smouchnya,4
smokey,1
bazoka,3
tonjol,3
apdeat,6
legit,3
bab,3
ekonomis,3
intervlan,3
routing,3
appstore,3
airpods,3
asiknya,3
parade,3
woi,6
geminggg,3
badi,3
dikumpulin,3
awet,3
killnya,3
farming,3
nista,3
naksir,3
multi,3
multitouch,3
bgtzyy,3
edition,3
flying,1
loutigan,3
pocopone,3
telapak,3
tot,3
skinlah,1
mafs,3
nyahhhh,3
tenzen,9
ajusnya,3
dogs,3
kamen,3
rider,4
pharaoh,5
angry,3
army,3
bocor,3
lagfreeze,6
integrasi,3
semok,3
anjiirrr,3
mengupload,3
pciphone,3
spesial,3
tvnya,3
corporation,3
resor,3
untun,3
wi,6
fi,6
defelofors,3
beber,3
friends,3
specactec,3
campretttt,1
ikat,3
kontrak,3
renovasi,2
recomend,3
sesoen,3
rupsnya,3
peledon,3
bergg,3
pecado,3
eja,3
unlimitednya,6
stuttering,5
ketidakmampuan,3
kejang,3
spya,3
kubur,3
gbps,3
macmaking,3
vaultnya,3
phocopone,3
kokoh,3
benned,3
haddehh,3
reelnya,3
fortnitenya,3
bentrok,3
centen,3
capture,5
flag,3
stacknya,3
transaparant,3
fak,3
selaku,3
pinjam,1
kuantitas,3
scool,3
suspensi,3
lift,3
novat,3
pes,3
samapubg,3
berteleportasi,3
sueee,3
priority,3
liviknusa,3
bara,3
tradisional,3
usernamenya,3
players,3
unknown,3
arctic,3
contornya,1
rd,3
tahi,3
aso,6
seoul,3
spesialis,3
alumni,3
sepakat,3
wikendi,3
slotnya,3
kronologi,3
kwkkwkwkw,3
hacknya,3
nian,3
suryaytg,3
autis,3
clan,3
srlnov,3
basi,3
hitunghitung,1
kontl,1
nagih,3
scoring,3
bulat,3
cross,3
sudutsudut,3
mps,3
abdi,3
nst,3
jhoni,3
stable,3
enkripsi,3
ambang,5
diposting,3
ceellynn,3
tusuk,3
berangsurangsur,3
enternya,3
tentecn,6
bast,3
ngefans,1
snape,3
firee,3
livin,3
terabyte,3
renot,3
sirat,3
pikirpikir,5
nyasih,3
beratberat,3
rtonya,3
konektivitas,6
proporsional,3
among,3
me,3
akumulasi,3
tato,3
naif,3
kosmetik,6
gemilang,3
spike,3
kraftod,3
kapital,3
underground,3
siasat,3
kedok,3
starr,3
tanchen,3
develofer,3
musuhmusuh,3
kdanya,3
buggyuaz,3
specator,3
deathmath,3
ramroam,3
octa,3
internetmu,3
confik,3
anjim,3
wrwb,3
farm,3
juni,3
mandek,3
sblm,1
cdm,3
rekoneksi,3
potensi,1
lapis,3
prevalensi,1
haeh,3
teduh,1
dimilta,3
kecut,3
bub,3
bimoza,3
alex,3
sissen,3
mampet,3
stabilisasi,3
nyentuh,3
galau,3
spactator,3
peluk,3
utlpn,3
tag,3
aganagan,3
factory,3
gaframe,3
administrator,3
warnet,3
fo,3
biarpun,1
krafthon,3
mappeta,6
rampok,2
bupg,9
bugg,3
arcadezombie,3
serba,3
pfffttt,3
ganbatte,3
drov,3
friendlist,5
vulgar,1
pornografi,3
wanita,3
pasal,3
insya,3
midlow,3
apnya,3
pub,3
fame,3
selinap,3
mao,3
rangel,3
collabs,3
plee,3
err,3
peecuna,3
gnii,6
analisa,3
masaq,3
ats,3
yaela,3
freefikasi,3
hrz,3
gurun,3
casinonya,3
indro,3
dono,3
kouta,1
bumerang,3
canted,3
sight,3
ngefree,1
khayal,3
menumenu,3
welcome,3
departemen,2
ajuk,2
tdmar,2
ticket,2
microtransactions,2
enakenak,2
trash,2
pesta,2
kkb,2
amiinnnn,2
innya,2
guestnya,2
heliog,2
tppnya,2
school,2
cameranya,2
monggo,2
telur,2
phasion,2
irit,2
warrior,2
mu,2
kirimin,2
domisili,2
duhh,2
naikturun,2
sticky,2
pangkal,2
benerin,1
tewas,2
jungkirbalik,2
youtubenya,2
serverx,2
loop,2
cakap,2
snow,2
gram,2
registrasi,2
bela,2
gerbang,2
graphight,2
pakenya,2
kampreettnya,2
titiktitik,2
internetku,2
terjemah,2
slidernya,2
xtreme,2
memorynya,2
nyampenya,2
kejap,2
keduaketiga,2
ketidaksempurnaan,2
basoka,2
rangkai,2
jemput,2
petapeta,2
originalitas,2
direstart,1
curhatan,2
gigga,2
dermaga,2
headshotnya,2
side,2
handsetnya,2
muahhh,2
bangsa,2
trunk,2
qua,2
stone,2
walau,1
berjejaring,2
benet,2
meledakledak,2
smping,2
diinvite,2
karna,2
katakatanya,2
jammingnya,2
kecapi,2
valuenya,2
infinitynya,2
anjiiir,2
diteleport,2
ngekill,1
uidnya,2
keluhankeluhan,2
sausageman,2
mengkompensasi,2
pazzelnya,2
fragmen,2
bugmu,2
mikirinnya,2
benerbener,2
tertawatawa,2
barusan,2
hellicopter,2
ngakaktertawa,2
cheatfile,2
via,2
autolose,2
ssssssssss,1
desiccnya,2
nembaknya,2
restorasi,2
dipush,2
fremdropnya,2
spoiler,2
temantemanmu,2
hover,2
hentakan,2
karuan,2
nambahnambah,2
gamemaster,2
pasin,2
camprettt,2
direnov,1
janganjangan,2
malammalam,2
logging,2
ngepinjam,2
kontrolernya,2
goyah,2
samplenya,2
bagibagikan,2
trap,2
emansipasi,2
lowpotensial,2
personal,2
hilanghilang,4
risau,2
gemini,2
repeat,2
gamblang,2
framedrops,4
sesimple,2
cheeter,2
fav,2
siapsiap,1
seriusin,1
tikung,1
blings,1
hadiahhadiah,1
ahhhhhh,1
viewernya,1
susahsusah,1
ciluk,1
ba,1
